Crime_ID,City,Date,Time,Crime_Type,Location,Latitude,Longitude,Crime_Severity,Police_Response_Time_Minutes,Resolved,Suspect_Arrested,Ride_Time
2,Mumbai,2024-04-08,02:39,Burglary,Saket,22.36134105,73.30054627,8,54,1,0,14:35
6,Mumbai,2023-04-17,13:40,Burglary,Connaught Place,20.25986155,72.09388391,4,41,1,1,11:22
10,Mumbai,2023-12-14,17:00,Theft,Juhu,26.81230833,76.88877704,4,47,1,1,07:43
15,Mumbai,2024-01-24,23:31,Fraud,Lajpat Nagar,20.18198538,73.73297658,,11,1,1,18:43
17,Mumbai,2024-02-18,22:10,Fraud,Juhu,27.09289785,75.14384522,4,24,1,1,14:44
18,Mumbai,2024-11-20,21:24,Assault,Connaught Place,21.32888456,72.80924908,5,18,0,1,16:55
19,Mumbai,2024-10-07,08:25,Fraud,Juhu,20.59814611,72.15589376,10,27,1,1,16:34
21,Mumbai,2023-05-03,18:05,Harassment,Juhu,29.73677645,75.76112173,1,2,1,0,05:41
23,Mumbai,2024-08-21,17:22,Assault,Saket,24.0173993,73.13817819,10,11,1,1,23:08
24,Mumbai,2024-03-12,02:13,Fraud,Andheri,19.33022248,74.02712331,5,27,0,1,03:48
25,Mumbai,2024-04-22,23:33,Burglary,Connaught Place,23.36950283,72.46722039,3,56,1,1,01:47
26,Mumbai,2024-12-22,11:19,Assault,Saket,25.28452017,73.15019563,3,49,1,1,01:29
27,Mumbai,2023-10-21,09:48,Theft,Dwarka,29.48437074,77.46761873,4,48,1,0,04:43
28,Mumbai,2023-09-24,10:28,Harassment,Dwarka,24.68409649,72.11579479,,47,1,1,21:00
29,Mumbai,2023-03-15,21:29,Theft,Bandra,28.01018059,75.92059155,5,23,1,0,08:01
30,Mumbai,2024-05-21,00:09,Harassment,Connaught Place,25.01840407,74.30645359,1,35,1,1,19:19
33,Mumbai,2023-06-13,11:36,Assault,Saket,25.33104459,73.34099253,6,47,1,0,05:18
34,Mumbai,2024-02-07,13:26,Theft,Juhu,29.45653363,77.08325693,7,24,1,1,12:06
35,Mumbai,2024-04-21,00:48,Harassment,Dwarka,28.45043396,74.9516423,5,19,0,1,22:28
37,Mumbai,2024-03-09,23:31,Burglary,Bandra,21.42120813,74.43607522,2,13,1,1,15:34
43,Mumbai,2023-02-05,06:07,Fraud,Juhu,24.54818775,76.53272286,10,41,1,1,15:05
44,Mumbai,2023-11-14,18:18,Burglary,Dadar,24.10764919,77.28174758,7,29,1,1,16:26
45,Mumbai,2023-07-13,05:55,Theft,Karol Bagh,21.78737918,77.78487478,6,6,1,0,08:17
46,Mumbai,2024-09-09,05:49,Theft,Dwarka,24.55530851,73.94731144,7,51,1,1,04:27
47,Mumbai,2023-11-24,23:25,Burglary,Lajpat Nagar,19.33546203,76.79222744,5,23,1,0,04:49
49,Mumbai,2024-11-11,11:48,Assault,Lajpat Nagar,28.75248556,75.27344608,6,45,1,1,15:03
50,Mumbai,2023-05-14,06:26,Theft,Connaught Place,27.26847744,73.07908889,4,21,0,1,22:16
52,Mumbai,2024-09-25,10:49,Burglary,Juhu,24.68865399,77.5881502,2,8,1,1,13:30
54,Mumbai,2024-11-17,03:42,Harassment,Andheri,27.14857854,75.79440537,4,9,1,1,00:07
56,Mumbai,2023-09-25,20:20,Burglary,Karol Bagh,27.39613709,72.72443012,7,4,1,1,14:49
57,Mumbai,2023-10-11,16:34,Fraud,Connaught Place,26.94872897,73.95587426,7,13,0,1,00:14
66,Mumbai,2024-04-18,10:48,Assault,Karol Bagh,29.77905876,73.68960366,3,46,1,1,12:42
67,Mumbai,2023-12-10,14:41,Assault,Andheri,21.48469554,72.11927945,10,57,1,0,13:49
69,Mumbai,2024-08-17,03:24,Burglary,Connaught Place,23.76270355,77.73960341,10,15,1,1,19:55
70,Mumbai,2024-02-08,18:41,Assault,Lajpat Nagar,19.78127024,74.34766113,5,8,1,0,15:42
71,Mumbai,2023-02-11,13:26,Assault,Connaught Place,24.36664267,74.52080733,4,48,1,0,08:38
72,Mumbai,2023-10-18,13:12,Assault,Colaba,26.72380762,77.8134103,6,35,1,1,21:03
74,Mumbai,2023-02-23,19:14,Burglary,Dadar,28.5931667,76.31503154,4,52,1,1,01:16
76,Mumbai,2023-06-03,19:32,Harassment,Andheri,19.94874088,77.84765527,1,55,0,1,03:51
77,Mumbai,2023-05-22,02:38,Harassment,Karol Bagh,29.30222173,76.13319891,3,37,0,0,14:28
78,Mumbai,2024-04-18,18:46,Fraud,Dwarka,23.16015984,77.37019651,1,4,1,1,19:38
80,Mumbai,2024-04-26,10:39,Theft,Connaught Place,27.71203439,76.41069495,9,12,1,1,18:36
82,Mumbai,2023-02-22,18:40,Theft,Colaba,26.87780992,73.82087219,5,15,1,1,12:53
84,Mumbai,2024-08-28,02:23,Fraud,Juhu,22.20423122,73.78023774,4,30,1,1,09:29
87,Mumbai,2024-02-08,20:24,Fraud,Andheri,21.44914159,76.90190028,4,12,1,0,03:59
89,Mumbai,2024-03-14,06:54,Theft,Andheri,29.37628237,76.97667984,6,34,0,1,01:05
90,Mumbai,2023-05-15,05:29,Theft,Connaught Place,24.8054943,75.6163788,9,7,0,0,16:27
91,Mumbai,2023-02-15,11:46,Theft,Karol Bagh,24.94032111,73.12145721,4,28,1,1,09:15
92,Mumbai,2023-01-21,07:11,Assault,Bandra,24.07136925,75.25221231,6,55,1,1,04:15
93,Mumbai,2023-02-25,15:59,Assault,Lajpat Nagar,22.58479158,73.69499302,4,28,1,1,02:52
94,Mumbai,2023-03-14,22:58,Burglary,Karol Bagh,24.23220534,73.94080401,2,29,1,1,08:59
95,Mumbai,2024-08-07,06:20,Burglary,Karol Bagh,25.63088285,74.10916825,6,37,1,1,11:44
96,Mumbai,2024-01-06,04:18,Burglary,Andheri,29.84590729,72.37991548,7,20,0,1,12:52
97,Mumbai,2024-01-13,02:57,Assault,Karol Bagh,29.31541015,77.91577011,4,11,1,0,11:06
98,Mumbai,2024-08-10,00:13,Assault,Saket,28.48368254,72.18920777,7,50,1,1,16:50
99,Mumbai,2024-12-24,18:29,Burglary,Dadar,28.78043589,75.97498124,8,50,0,1,03:10
102,Mumbai,2023-12-11,14:15,Burglary,Bandra,28.84573395,74.13748952,5,23,1,1,15:03
103,Mumbai,2023-01-19,05:29,Fraud,Andheri,23.32245841,76.04250388,2,52,0,0,00:15
104,Mumbai,2024-09-28,16:41,Harassment,Lajpat Nagar,29.57938726,76.37541306,,46,1,1,08:15
105,Mumbai,2023-01-17,03:51,Assault,Karol Bagh,23.57364668,76.14331584,5,20,0,1,14:17
106,Mumbai,2023-03-03,19:53,Burglary,Bandra,25.61190932,72.68377189,10,20,0,0,06:46
107,Mumbai,2023-11-28,10:55,Assault,Andheri,26.80785185,75.94135941,6,11,1,1,04:22
108,Mumbai,2023-07-04,05:15,Assault,Juhu,29.45651214,73.6799253,8,2,0,0,12:51
109,Mumbai,2023-10-20,14:46,Assault,Bandra,21.69077901,72.17280822,6,13,1,1,21:30
111,Mumbai,2024-11-19,23:02,Theft,Colaba,24.72897145,74.60125862,3,41,0,1,22:21
113,Mumbai,2024-04-09,13:55,Theft,Dadar,27.54267524,76.22894499,1,15,1,1,04:20
114,Mumbai,2024-03-22,16:30,Theft,Colaba,25.07444508,73.85306285,2,56,1,1,02:56
116,Mumbai,2023-01-15,13:16,Assault,Karol Bagh,22.55191175,72.36331354,5,31,1,0,04:13
118,Mumbai,2023-09-09,03:45,Assault,Connaught Place,25.79089676,75.40695655,1,23,0,1,10:16
119,Mumbai,2023-06-03,19:41,Assault,Lajpat Nagar,23.45401896,74.09655068,4,53,1,1,03:40
121,Mumbai,2023-08-27,00:28,Assault,Karol Bagh,29.57804542,75.2241465,7,54,1,1,18:53
123,Mumbai,2023-11-27,23:03,Fraud,Dadar,27.07312407,75.06794726,3,57,1,1,04:01
126,Mumbai,2023-12-18,23:49,Fraud,Dadar,23.47880728,73.73374691,,20,1,1,07:47
127,Mumbai,2023-05-10,01:23,Burglary,Juhu,23.50116308,72.84446018,2,28,0,1,12:41
129,Mumbai,2023-11-21,16:40,Theft,Dwarka,24.97816857,75.83634532,,44,1,1,01:50
130,Mumbai,2024-09-16,20:28,Theft,Dwarka,24.46869197,77.23723971,9,29,1,1,01:23
131,Mumbai,2024-01-03,13:50,Harassment,Karol Bagh,20.48264363,74.45697767,3,5,0,1,04:11
141,Mumbai,2023-05-12,15:13,Fraud,Lajpat Nagar,27.46086856,76.27562811,7,51,1,0,04:20
143,Mumbai,2023-11-04,10:41,Theft,Dwarka,29.56013069,74.97818623,4,45,1,1,03:53
144,Mumbai,2024-09-28,22:04,Burglary,Connaught Place,28.02507419,74.83624139,10,54,1,1,13:06
145,Mumbai,2024-10-24,14:57,Harassment,Andheri,28.39343309,73.86422114,4,20,1,1,21:20
150,Mumbai,2023-05-06,14:21,Fraud,Bandra,28.40948978,72.18253389,2,35,0,1,23:09
156,Mumbai,2024-06-09,16:18,Fraud,Juhu,27.77737508,75.51818485,1,55,1,1,10:34
158,Mumbai,2024-11-27,11:36,Harassment,Saket,19.06347727,73.54722002,8,8,1,1,16:08
160,Mumbai,2024-03-19,09:19,Fraud,Karol Bagh,23.4867342,73.89112374,9,29,0,1,19:23
163,Mumbai,2024-07-20,09:30,Harassment,Karol Bagh,26.72306907,75.37138862,3,47,0,1,19:37
164,Mumbai,2023-07-19,22:28,Theft,Connaught Place,26.92982541,74.60028509,8,47,1,1,21:19
165,Mumbai,2023-05-02,21:18,Burglary,Saket,27.0131804,74.75349915,9,59,1,0,01:11
167,Mumbai,2023-06-14,22:08,Theft,Bandra,29.49312884,73.77692681,2,7,1,1,06:22
170,Mumbai,2023-12-10,12:16,Harassment,Colaba,19.17207625,72.36687709,10,28,1,1,11:32
171,Mumbai,2024-11-14,20:14,Harassment,Dadar,29.27244675,74.93598499,7,12,1,1,01:44
174,Mumbai,2023-07-22,09:09,Assault,Dadar,20.02616123,72.41755108,5,29,1,1,20:21
175,Mumbai,2024-11-24,18:00,Theft,Saket,27.12655832,72.92178912,4,11,0,0,20:10
176,Mumbai,2023-10-19,08:23,Fraud,Saket,29.55908359,76.58640067,8,53,0,1,16:33
183,Mumbai,2023-05-17,18:54,Theft,Juhu,29.26130843,76.87957381,5,33,1,1,02:37
187,Mumbai,2023-01-08,15:41,Assault,Colaba,27.71097192,77.55604451,5,43,1,1,06:23
190,Mumbai,2023-12-23,05:30,Burglary,Dwarka,29.36190592,77.75245978,1,53,1,1,04:22
196,Mumbai,2023-02-15,08:38,Burglary,Dadar,29.01874424,72.93904739,10,37,1,1,08:36
197,Mumbai,2023-08-22,23:50,Fraud,Dadar,28.31209755,73.49935917,6,41,1,0,12:16
198,Mumbai,2024-08-20,03:41,Fraud,Andheri,20.40249699,74.93111012,5,33,1,1,18:15
202,Mumbai,2023-11-09,20:58,Burglary,Karol Bagh,21.93015406,75.10910965,2,18,1,0,13:00
205,Mumbai,2024-04-09,16:57,Burglary,Colaba,23.42872582,75.10644394,4,41,1,0,16:59
207,Mumbai,2023-03-05,06:23,Burglary,Colaba,23.22343784,72.01034893,5,2,1,1,09:34
208,Mumbai,2023-07-23,21:02,Fraud,Juhu,27.10498515,72.58599791,,19,1,1,13:08
209,Mumbai,2023-12-07,12:40,Burglary,Dadar,24.23536439,72.60933962,6,10,1,1,23:42
217,Mumbai,2024-09-24,18:33,Theft,Saket,24.45841427,75.05866107,8,51,0,1,09:41
219,Mumbai,2024-07-16,08:51,Assault,Bandra,22.68208859,76.83725793,10,47,1,0,18:06
223,Mumbai,2023-07-19,07:14,Assault,Andheri,24.41774039,76.55204331,8,10,1,1,14:10
224,Mumbai,2023-02-21,22:45,Fraud,Saket,29.06374765,72.58547502,6,56,1,1,11:16
225,Mumbai,2024-03-28,14:11,Fraud,Andheri,24.3811617,72.24146862,9,46,1,1,11:46
226,Mumbai,2024-03-02,01:38,Assault,Colaba,23.95291713,76.51941849,2,51,0,0,06:38
228,Mumbai,2023-08-11,08:05,Burglary,Lajpat Nagar,22.38420596,77.97329559,10,50,0,1,02:48
231,Mumbai,2023-08-01,02:57,Theft,Connaught Place,21.73389318,74.87989839,9,12,1,1,19:54
232,Mumbai,2023-06-08,04:33,Harassment,Dwarka,22.3457078,76.96290117,4,40,0,1,07:09
233,Mumbai,2023-11-02,09:03,Theft,Dwarka,27.47895974,76.90276369,5,48,0,0,20:47
234,Mumbai,2023-04-07,06:14,Burglary,Bandra,22.59943301,77.49595201,2,57,1,1,08:29
235,Mumbai,2023-10-05,07:37,Burglary,Juhu,21.66415481,73.78710007,3,56,1,0,00:28
236,Mumbai,2023-03-16,18:30,Fraud,Dadar,20.85963524,77.69879612,1,8,1,1,18:09
237,Mumbai,2023-10-07,14:06,Harassment,Juhu,27.52344242,72.91000176,4,24,1,1,12:08
238,Mumbai,2024-12-09,17:56,Theft,Dwarka,20.42676884,72.49181267,2,14,1,1,11:42
240,Mumbai,2023-03-10,20:04,Assault,Dwarka,24.57623128,76.96993781,1,50,0,1,15:18
241,Mumbai,2023-10-01,06:30,Burglary,Saket,26.56128904,74.84052678,10,56,0,1,06:07
243,Mumbai,2024-07-23,02:30,Theft,Karol Bagh,27.9179274,76.37812083,4,54,1,1,01:13
246,Mumbai,2024-11-20,06:38,Theft,Dwarka,22.08147531,72.36468701,7,45,1,1,07:47
251,Mumbai,2024-01-28,14:49,Fraud,Andheri,26.30074927,73.03100734,1,58,1,1,16:59
253,Mumbai,2024-06-21,18:51,Harassment,Lajpat Nagar,26.91417254,73.15760662,10,20,0,1,08:09
258,Mumbai,2024-06-28,08:31,Theft,Karol Bagh,19.87768036,75.4138202,5,33,1,1,02:50
259,Mumbai,2023-02-09,20:11,Theft,Colaba,23.59766498,77.35923953,5,5,1,1,15:37
262,Mumbai,2024-06-01,09:41,Theft,Dwarka,19.96939226,76.00564338,8,26,0,1,08:21
266,Mumbai,2024-09-01,21:35,Burglary,Colaba,28.02322257,77.15910883,6,33,1,1,19:22
267,Mumbai,2023-02-08,16:19,Fraud,Andheri,23.44520833,76.66687286,10,46,1,0,14:46
268,Mumbai,2024-08-18,20:28,Burglary,Connaught Place,21.43651156,73.47137975,9,18,0,1,16:56
271,Mumbai,2023-02-10,00:20,Harassment,Bandra,24.92159009,73.30347943,9,33,1,1,06:46
272,Mumbai,2023-07-23,16:30,Theft,Colaba,25.21581171,72.39082343,3,27,1,0,03:31
273,Mumbai,2023-05-22,15:10,Theft,Juhu,29.4357541,76.6813615,9,49,1,1,22:55
274,Mumbai,2024-08-18,05:04,Fraud,Saket,28.92470185,76.53524491,4,50,0,1,09:43
276,Mumbai,2024-06-23,09:06,Burglary,Connaught Place,27.81558492,72.02689016,8,44,1,0,21:51
278,Mumbai,2024-04-04,20:43,Fraud,Colaba,20.08344106,76.22901719,4,52,1,1,23:06
280,Mumbai,2023-04-07,05:12,Fraud,Saket,24.4456154,75.89874437,4,4,1,1,04:54
281,Mumbai,2024-05-24,03:48,Assault,Dadar,28.31187942,72.5046606,1,35,1,1,04:59
282,Mumbai,2024-02-27,07:13,Assault,Dwarka,24.55682283,73.08795514,6,19,0,1,21:17
283,Mumbai,2023-05-08,09:32,Burglary,Colaba,27.22838213,74.85478089,4,31,1,1,00:10
285,Mumbai,2023-12-18,16:30,Burglary,Lajpat Nagar,21.77655194,72.87521476,3,40,1,1,06:25
290,Mumbai,2023-10-10,04:20,Theft,Colaba,22.84847864,74.37089465,3,33,0,1,08:45
294,Mumbai,2023-07-16,05:39,Harassment,Saket,20.09925065,76.31561104,6,43,1,1,23:59
295,Mumbai,2023-10-21,21:10,Burglary,Colaba,27.85519463,72.75916148,5,9,1,1,12:21
296,Mumbai,2023-03-05,10:33,Theft,Juhu,23.06877488,72.29304974,5,14,0,1,21:23
297,Mumbai,2024-02-08,15:41,Theft,Saket,26.13387575,77.26764938,1,3,1,1,03:05
300,Mumbai,2023-09-13,23:17,Burglary,Dadar,28.73142483,72.13279965,,26,1,0,16:05
304,Mumbai,2023-04-21,04:19,Theft,Bandra,29.36531032,77.32159438,1,38,1,1,04:34
305,Mumbai,2023-05-22,10:46,Assault,Saket,27.30575025,74.46505906,9,21,1,1,22:38
307,Mumbai,2023-09-03,23:20,Fraud,Lajpat Nagar,22.71481852,73.78111221,7,39,1,1,15:49
308,Mumbai,2023-01-14,14:19,Harassment,Andheri,27.90641684,72.91444152,6,16,1,1,20:18
309,Mumbai,2024-12-20,13:36,Harassment,Bandra,26.6524543,72.82850194,9,40,1,1,21:40
310,Mumbai,2024-05-02,12:48,Fraud,Karol Bagh,27.42362722,72.79370225,2,23,0,0,10:37
311,Mumbai,2023-05-23,13:00,Fraud,Colaba,23.85321212,72.68468854,7,29,1,1,11:10
313,Mumbai,2024-02-22,13:22,Burglary,Colaba,23.25143095,73.84001178,7,58,1,1,04:28
316,Mumbai,2023-11-05,08:01,Theft,Bandra,29.73615318,77.92557465,,29,0,1,08:11
320,Mumbai,2024-08-04,09:53,Theft,Lajpat Nagar,24.9565691,73.09732591,1,52,1,1,06:58
321,Mumbai,2024-12-10,11:01,Theft,Dwarka,28.27770575,72.85898825,7,34,1,0,07:52
323,Mumbai,2024-08-03,12:20,Assault,Lajpat Nagar,19.64126924,77.92086409,7,41,0,1,14:12
324,Mumbai,2023-07-24,17:35,Theft,Karol Bagh,29.98263357,72.26945698,7,42,0,1,23:50
325,Mumbai,2024-10-09,23:12,Assault,Saket,27.27642699,72.90207525,9,10,0,1,04:45
326,Mumbai,2023-02-08,06:39,Fraud,Dwarka,28.50293648,74.54114455,6,42,1,0,14:33
329,Mumbai,2023-08-17,02:15,Theft,Lajpat Nagar,20.23621272,72.7745781,7,11,1,1,23:37
330,Mumbai,2024-05-06,05:20,Harassment,Juhu,22.82511619,74.73907054,,11,1,1,05:05
333,Mumbai,2024-07-11,15:02,Harassment,Lajpat Nagar,19.86066308,72.56587591,8,24,1,0,04:24
335,Mumbai,2023-06-14,22:58,Fraud,Andheri,28.19034771,77.89954567,5,1,1,1,14:48
336,Mumbai,2024-05-22,22:31,Assault,Bandra,20.7891744,73.97299828,1,12,0,1,05:04
339,Mumbai,2024-06-04,12:03,Assault,Dadar,24.72090952,77.71235051,8,3,1,1,08:44
340,Mumbai,2024-09-27,03:03,Assault,Colaba,28.13275212,76.74065707,5,52,0,1,16:24
342,Mumbai,2024-07-02,08:34,Harassment,Andheri,21.13393352,77.13950667,6,50,1,1,12:50
344,Mumbai,2024-11-15,09:07,Burglary,Juhu,24.5568042,74.77698394,10,16,1,1,15:04
348,Mumbai,2023-12-06,23:26,Theft,Dadar,25.39503213,76.67780614,4,49,0,1,00:22
349,Mumbai,2024-09-01,04:55,Theft,Connaught Place,27.58864032,77.2492918,3,40,0,0,05:00
351,Mumbai,2023-08-04,09:36,Fraud,Bandra,19.5507098,76.56301203,2,15,1,1,17:12
354,Mumbai,2024-07-27,07:20,Burglary,Juhu,21.71357273,76.95023346,10,57,1,1,00:42
355,Mumbai,2024-08-08,18:34,Burglary,Andheri,26.64850845,77.06330979,5,10,1,1,18:23
357,Mumbai,2024-04-20,17:33,Burglary,Andheri,28.63945367,73.82747968,1,33,1,0,19:13
358,Mumbai,2023-02-09,09:44,Harassment,Dadar,22.27777774,72.21377877,8,17,1,1,07:29
361,Mumbai,2024-10-19,22:45,Assault,Colaba,25.35882554,73.78885783,8,47,1,1,04:39
364,Mumbai,2024-08-11,14:47,Harassment,Bandra,28.64257931,77.01912117,1,55,0,0,23:19
367,Mumbai,2024-01-11,07:29,Assault,Saket,24.08354521,74.19609233,5,51,0,0,05:43
368,Mumbai,2024-12-26,11:21,Harassment,Karol Bagh,25.04058417,73.82442171,1,44,1,0,22:29
371,Mumbai,2023-09-19,08:38,Burglary,Connaught Place,21.58947974,72.52459618,1,30,0,1,20:53
372,Mumbai,2024-02-28,23:59,Burglary,Connaught Place,26.99677858,75.78452999,1,46,1,0,22:01
373,Mumbai,2024-02-17,00:08,Harassment,Bandra,23.15834168,75.02444968,,52,1,1,16:09
374,Mumbai,2024-01-24,03:41,Fraud,Juhu,19.08919017,75.16013615,8,55,1,1,13:34
376,Mumbai,2023-02-16,12:51,Fraud,Saket,24.06622608,72.18969007,7,35,1,1,00:38
377,Mumbai,2024-06-20,15:51,Assault,Juhu,24.37168404,76.64035335,5,26,1,1,01:30
379,Mumbai,2024-11-28,16:03,Harassment,Karol Bagh,26.55620158,72.22892164,2,12,1,1,00:35
381,Mumbai,2024-09-02,00:36,Fraud,Bandra,25.15882412,72.37845105,2,52,1,1,15:05
382,Mumbai,2023-04-21,13:02,Assault,Bandra,22.3101098,76.73486371,10,17,1,1,05:48
383,Mumbai,2024-04-24,16:55,Assault,Colaba,20.83847746,75.17737856,5,37,1,1,03:33
386,Mumbai,2024-01-02,09:36,Burglary,Connaught Place,24.88281075,75.67601118,5,26,1,1,05:15
393,Mumbai,2024-10-22,16:54,Fraud,Lajpat Nagar,24.14582653,75.67831216,2,30,1,1,10:51
394,Mumbai,2023-08-19,02:36,Burglary,Andheri,19.77958871,75.76967675,7,48,1,0,19:58
396,Mumbai,2024-08-09,20:12,Fraud,Juhu,21.90844728,75.72524513,7,42,0,0,23:29
397,Mumbai,2023-08-10,02:49,Assault,Saket,24.80386903,77.81545278,5,24,0,1,11:07
398,Mumbai,2023-02-15,21:27,Burglary,Lajpat Nagar,24.6920711,73.18372985,9,46,1,1,14:23
399,Mumbai,2024-10-10,08:29,Fraud,Lajpat Nagar,29.16789781,77.70654408,2,52,1,1,14:50
401,Mumbai,2024-05-07,23:09,Burglary,Connaught Place,25.41298328,76.03173684,,34,0,1,06:10
402,Mumbai,2024-08-04,20:21,Assault,Bandra,23.41818438,72.59676958,8,19,1,1,06:00
405,Mumbai,2024-01-27,10:29,Assault,Karol Bagh,22.13945819,76.24146609,5,11,1,0,13:55
406,Mumbai,2024-05-01,16:49,Burglary,Bandra,28.28630544,72.24083633,3,13,0,1,00:56
407,Mumbai,2023-10-24,22:47,Assault,Juhu,23.75635996,75.27956558,4,50,1,1,19:18
408,Mumbai,2024-05-25,13:56,Harassment,Dadar,28.11533858,72.52966916,1,18,1,0,02:29
409,Mumbai,2023-10-26,00:25,Fraud,Colaba,28.05176875,77.97513858,3,19,0,1,10:00
410,Mumbai,2024-04-21,18:18,Harassment,Andheri,21.07757205,77.38377953,8,44,0,1,05:50
412,Mumbai,2023-11-04,12:01,Fraud,Saket,22.19707266,77.15189747,2,56,1,0,03:14
413,Mumbai,2023-05-26,00:14,Harassment,Saket,22.27241937,77.5165776,9,38,0,1,00:03
418,Mumbai,2023-09-12,10:34,Burglary,Dadar,26.86760539,74.04190443,8,35,0,1,16:44
419,Mumbai,2024-03-09,14:41,Theft,Colaba,20.88303218,73.93535542,6,36,1,1,15:20
420,Mumbai,2024-05-24,21:12,Harassment,Saket,20.14930635,74.54660333,7,38,1,1,10:43
421,Mumbai,2024-02-15,18:59,Assault,Karol Bagh,21.61267733,72.87340655,4,39,1,1,17:21
422,Mumbai,2023-03-25,11:57,Harassment,Andheri,23.17890575,76.98683379,2,55,1,1,00:37
423,Mumbai,2023-11-24,22:55,Theft,Dadar,24.2349696,74.09218737,1,25,0,1,10:36
425,Mumbai,2023-07-01,06:49,Fraud,Bandra,29.67630666,77.36432768,9,13,1,0,10:02
428,Mumbai,2024-10-13,03:01,Burglary,Connaught Place,22.50566983,77.73898875,2,11,1,1,07:25
430,Mumbai,2023-08-01,01:49,Fraud,Karol Bagh,25.88869305,73.01680025,3,8,1,1,09:43
432,Mumbai,2023-11-27,11:04,Harassment,Dwarka,21.07822795,77.82777736,7,34,1,1,14:11
434,Mumbai,2024-02-05,10:59,Harassment,Bandra,21.81880416,74.22943865,8,52,0,1,10:06
435,Mumbai,2023-01-10,07:42,Assault,Colaba,23.18214498,73.17018139,9,9,1,1,17:58
436,Mumbai,2024-02-04,06:12,Theft,Colaba,28.58399036,72.68593868,,36,1,1,03:18
437,Mumbai,2023-09-05,09:10,Assault,Dwarka,26.29462612,76.44182874,10,49,0,1,22:08
438,Mumbai,2024-08-12,13:17,Fraud,Bandra,22.75883067,76.62018281,8,39,1,1,01:19
442,Mumbai,2024-05-02,04:56,Fraud,Saket,24.35717645,72.24069947,2,59,1,1,01:43
444,Mumbai,2024-04-28,12:01,Assault,Karol Bagh,29.50101417,74.04270417,,21,1,0,12:09
445,Mumbai,2024-02-22,14:55,Burglary,Connaught Place,29.18367404,73.87182925,,20,0,1,03:31
448,Mumbai,2024-04-04,12:03,Theft,Colaba,22.96156326,73.28922704,1,35,0,1,09:38
450,Mumbai,2023-11-21,12:12,Assault,Karol Bagh,26.58885604,77.96016513,3,28,0,1,18:57
451,Mumbai,2023-01-26,06:49,Fraud,Bandra,28.72397555,72.52007137,1,7,0,0,09:06
452,Mumbai,2024-04-05,12:37,Burglary,Saket,21.27684933,77.17350977,8,43,0,1,13:50
453,Mumbai,2023-02-27,03:05,Burglary,Connaught Place,29.10012474,74.34309419,3,56,0,1,22:48
454,Mumbai,2023-10-07,05:32,Assault,Dwarka,27.96698255,75.14443468,10,44,0,1,12:28
457,Mumbai,2024-03-05,05:48,Theft,Dwarka,22.07931063,73.57298346,4,36,1,1,21:35
458,Mumbai,2024-03-04,06:07,Theft,Bandra,20.16551502,73.27710463,4,34,1,0,21:56
461,Mumbai,2024-01-06,23:20,Theft,Dwarka,25.75602096,72.08162637,6,53,1,1,23:53
463,Mumbai,2024-09-04,06:05,Assault,Saket,28.89175338,72.4403041,,2,1,0,11:34
465,Mumbai,2024-09-19,15:16,Theft,Connaught Place,19.06194444,72.23959314,5,25,1,1,08:39
467,Mumbai,2023-10-02,14:01,Burglary,Connaught Place,20.09698824,73.25843396,2,51,1,1,02:03
470,Mumbai,2024-07-22,03:22,Harassment,Juhu,19.47736896,76.47759637,5,45,1,1,20:09
472,Mumbai,2024-02-03,02:27,Harassment,Colaba,20.97097642,72.43139651,10,26,1,1,02:32
474,Mumbai,2023-03-09,07:44,Assault,Dwarka,24.10699606,74.3442153,9,18,1,1,07:41
476,Mumbai,2024-08-17,20:51,Harassment,Karol Bagh,23.70460967,74.67176863,6,29,0,1,17:39
478,Mumbai,2023-11-21,15:01,Burglary,Dwarka,21.36208638,74.70723245,10,24,1,1,14:30
480,Mumbai,2023-07-11,20:57,Fraud,Juhu,27.09619105,77.41332172,10,28,0,1,05:17
481,Mumbai,2024-07-14,10:02,Fraud,Dadar,25.12528854,72.29860318,3,12,1,1,18:13
482,Mumbai,2023-06-14,04:54,Burglary,Karol Bagh,29.21922974,75.14466925,8,57,1,0,03:27
484,Mumbai,2024-03-22,18:00,Burglary,Andheri,24.10043386,74.81045727,1,27,1,1,11:43
486,Mumbai,2023-02-14,04:08,Burglary,Juhu,25.69899022,74.1695416,9,33,0,1,16:09
488,Mumbai,2024-03-18,01:03,Fraud,Andheri,20.76339943,75.78365083,1,28,1,1,14:34
491,Mumbai,2024-06-28,23:42,Burglary,Andheri,19.83458805,72.620611,,38,0,0,09:02
494,Mumbai,2024-02-19,05:26,Burglary,Andheri,21.07919011,73.02064129,8,42,0,0,12:22
498,Mumbai,2024-02-25,21:11,Theft,Dwarka,23.35037984,74.6023673,4,57,1,0,12:50
500,Mumbai,2024-09-25,03:50,Harassment,Andheri,25.71433253,77.65146327,7,6,1,1,13:57
504,Mumbai,2024-06-12,20:23,Fraud,Dadar,24.06753471,74.08643869,9,13,1,0,07:42
507,Mumbai,2024-02-05,00:21,Harassment,Andheri,29.87763283,76.95815526,10,6,1,0,10:49
509,Mumbai,2023-07-14,15:02,Theft,Andheri,19.86101929,75.14216599,3,41,1,1,04:23
510,Mumbai,2024-06-06,23:55,Theft,Saket,29.26754652,77.89468414,10,12,1,1,12:57
512,Mumbai,2024-10-20,13:02,Burglary,Connaught Place,28.29180084,74.92774584,7,55,0,1,02:09
514,Mumbai,2023-10-02,19:46,Fraud,Colaba,23.84940624,72.90697175,9,13,1,1,00:35
515,Mumbai,2023-05-15,16:10,Fraud,Bandra,25.976674,75.66918957,5,33,1,1,10:29
517,Mumbai,2024-07-09,00:22,Theft,Dadar,19.37168066,77.20442468,7,28,0,1,18:22
518,Mumbai,2023-09-04,07:05,Fraud,Connaught Place,25.52471595,73.96259799,10,53,1,0,18:07
519,Mumbai,2024-07-04,13:04,Theft,Connaught Place,21.05406294,73.9743769,,36,1,1,11:14
520,Mumbai,2024-11-22,03:30,Burglary,Dwarka,22.8054447,75.58916327,,5,1,1,04:45
521,Mumbai,2024-09-22,14:26,Fraud,Saket,22.82765533,73.10137745,10,55,1,0,09:11
523,Mumbai,2024-10-02,04:54,Assault,Juhu,22.67550053,74.4997911,7,17,1,1,12:24
525,Mumbai,2023-03-25,20:00,Fraud,Saket,20.60191612,75.14926331,,19,1,1,18:34
528,Mumbai,2024-03-05,08:08,Harassment,Connaught Place,29.49892464,75.92500987,1,34,0,0,10:58
529,Mumbai,2024-09-23,10:42,Burglary,Dwarka,20.27242746,73.8464971,1,54,1,1,15:51
530,Mumbai,2023-09-18,17:23,Burglary,Andheri,29.40890942,72.75855736,5,46,1,1,17:13
532,Mumbai,2023-07-01,22:06,Harassment,Dadar,26.01248683,77.1046823,10,19,1,1,19:02
536,Mumbai,2024-05-04,04:14,Fraud,Saket,24.55229756,75.19996106,1,56,0,0,07:52
537,Mumbai,2024-01-11,16:08,Assault,Connaught Place,26.66800252,75.95694103,2,19,0,1,20:25
540,Mumbai,2023-04-14,23:06,Theft,Bandra,19.7949888,72.37182604,5,41,0,1,18:32
542,Mumbai,2024-05-24,09:56,Harassment,Dwarka,24.87430503,76.96602681,9,49,1,1,23:59
544,Mumbai,2023-02-17,07:14,Harassment,Dwarka,22.7430248,72.89453849,2,27,1,1,19:56
546,Mumbai,2023-06-12,23:42,Fraud,Karol Bagh,28.80094912,77.33571277,1,26,1,1,14:55
548,Mumbai,2023-05-07,22:29,Theft,Dadar,28.0719548,74.46906962,9,59,1,1,14:52
549,Mumbai,2023-10-05,21:37,Harassment,Saket,23.4237202,73.10307436,3,20,1,1,00:47
552,Mumbai,2024-11-19,08:48,Harassment,Lajpat Nagar,19.56467808,77.11413276,4,21,1,0,01:01
554,Mumbai,2023-08-03,13:23,Theft,Saket,22.70961526,74.0117299,2,26,1,1,12:06
556,Mumbai,2024-05-19,18:47,Harassment,Colaba,27.17103652,75.13099829,4,6,0,1,07:15
557,Mumbai,2023-06-17,01:47,Assault,Saket,19.55939366,72.84417254,5,3,1,1,14:02
558,Mumbai,2023-05-15,12:40,Theft,Colaba,21.43235589,73.31804807,8,10,1,1,01:50
559,Mumbai,2024-01-02,01:50,Theft,Karol Bagh,22.01688035,74.89166568,2,12,1,0,08:46
560,Mumbai,2024-05-03,06:11,Burglary,Andheri,25.02373183,72.25482546,9,33,1,1,18:05
561,Mumbai,2023-10-20,00:09,Burglary,Andheri,20.58966746,74.77520391,10,22,0,1,23:55
565,Mumbai,2024-09-05,00:36,Fraud,Karol Bagh,20.98720392,77.89529257,2,12,1,1,12:35
566,Mumbai,2023-08-04,15:30,Theft,Juhu,23.47224589,73.08461952,8,19,1,1,14:05
567,Mumbai,2024-12-03,11:12,Theft,Connaught Place,22.91184199,75.54592011,5,40,1,0,21:46
568,Mumbai,2023-01-08,20:55,Theft,Connaught Place,27.70104481,72.53819578,10,23,1,1,20:52
571,Mumbai,2024-07-14,14:39,Theft,Colaba,27.12891269,76.91483183,7,10,1,1,22:29
574,Mumbai,2024-02-11,23:17,Harassment,Dwarka,23.13048484,77.01017977,6,39,1,1,11:57
576,Mumbai,2024-05-09,16:59,Assault,Andheri,22.77427068,77.93523915,8,4,1,1,15:51
578,Mumbai,2023-06-10,05:16,Theft,Andheri,23.38352232,77.94550485,2,43,1,0,00:47
579,Mumbai,2024-03-20,10:51,Theft,Colaba,19.21090202,72.93555751,8,19,1,1,10:16
580,Mumbai,2023-05-18,15:49,Assault,Saket,27.49747631,73.52129866,7,5,0,1,11:53
581,Mumbai,2024-11-26,17:29,Harassment,Connaught Place,20.88039383,72.53409675,10,30,0,1,16:27
583,Mumbai,2023-11-22,21:54,Fraud,Andheri,26.19068562,76.60762531,2,40,1,1,16:09
584,Mumbai,2024-09-12,10:48,Theft,Juhu,27.51329742,77.11754615,8,34,0,1,09:48
585,Mumbai,2023-06-10,16:16,Fraud,Lajpat Nagar,27.95212045,76.67335587,6,2,1,1,17:46
587,Mumbai,2024-04-08,11:27,Burglary,Lajpat Nagar,21.25905003,75.08379908,4,14,1,1,02:17
589,Mumbai,2024-02-17,17:08,Harassment,Dadar,26.69684385,74.3450013,7,42,0,1,16:23
592,Mumbai,2023-03-06,03:07,Burglary,Andheri,20.14808604,76.18682819,4,1,0,1,03:46
594,Mumbai,2023-07-12,09:08,Theft,Connaught Place,28.46272592,77.31137391,1,34,1,1,16:32
595,Mumbai,2023-08-20,11:19,Theft,Dwarka,26.5668851,73.5120884,4,4,1,0,15:11
596,Mumbai,2024-12-26,14:27,Harassment,Bandra,29.32624877,74.28688592,10,28,1,1,13:13
599,Mumbai,2024-04-12,12:52,Burglary,Dadar,23.86371752,77.33528408,6,36,1,1,05:05
600,Mumbai,2024-08-25,16:12,Assault,Colaba,19.78653327,74.07839592,,43,1,1,20:10
602,Mumbai,2024-03-27,21:14,Harassment,Andheri,27.15763322,77.33241474,4,59,1,1,22:14
603,Mumbai,2023-10-05,00:12,Harassment,Bandra,23.25087686,74.78622192,8,50,1,1,18:55
604,Mumbai,2024-01-21,23:47,Burglary,Dadar,22.63323593,75.09674751,5,42,0,1,18:53
608,Mumbai,2023-05-15,16:33,Assault,Colaba,23.24017478,72.71904397,4,16,1,1,00:00
609,Mumbai,2023-07-03,01:51,Fraud,Bandra,20.74064816,77.27563585,2,56,0,1,14:44
610,Mumbai,2023-08-12,17:23,Burglary,Juhu,26.64889676,76.67521882,3,58,1,1,03:13
612,Mumbai,2024-09-12,22:33,Fraud,Andheri,26.31288534,76.16411967,7,50,1,1,22:00
613,Mumbai,2023-07-03,05:23,Harassment,Bandra,22.14798958,75.61579753,3,27,1,1,09:45
614,Mumbai,2024-04-01,05:06,Theft,Connaught Place,21.18808495,73.1072103,5,35,1,1,08:32
615,Mumbai,2024-02-27,21:10,Theft,Karol Bagh,29.29987814,73.63922104,3,3,1,1,08:59
618,Mumbai,2024-12-27,22:09,Fraud,Dadar,19.23789692,75.83234045,,13,1,1,15:04
621,Mumbai,2023-01-09,06:17,Harassment,Lajpat Nagar,22.53828719,76.54762644,8,17,0,0,03:46
622,Mumbai,2023-03-18,01:25,Fraud,Dadar,20.45377955,75.70715492,10,47,1,0,14:41
624,Mumbai,2024-04-10,16:26,Harassment,Juhu,26.39489234,74.00558025,7,10,0,1,12:00
626,Mumbai,2024-11-26,10:08,Harassment,Lajpat Nagar,24.83825663,75.68946051,10,1,1,1,13:35
628,Mumbai,2024-10-18,00:04,Assault,Connaught Place,21.20678008,75.27767463,7,59,1,0,07:36
632,Mumbai,2024-04-19,23:39,Burglary,Connaught Place,21.47375458,76.18499422,7,7,0,1,23:19
635,Mumbai,2023-09-18,13:08,Theft,Colaba,29.39442163,76.06843507,8,7,1,1,15:58
636,Mumbai,2023-07-28,04:30,Fraud,Juhu,21.15127712,76.1072666,6,9,0,1,21:28
639,Mumbai,2023-06-26,05:41,Harassment,Connaught Place,25.1626561,77.05005126,6,26,1,0,15:46
640,Mumbai,2023-06-08,13:25,Harassment,Colaba,21.80504018,76.73402931,3,5,0,1,13:24
641,Mumbai,2023-10-24,18:12,Assault,Bandra,21.88805253,73.98129135,4,13,1,1,12:55
642,Mumbai,2024-03-02,07:53,Burglary,Dadar,19.43178358,75.21378992,2,45,1,1,08:30
643,Mumbai,2024-09-11,11:04,Burglary,Colaba,22.35988649,72.82261913,1,30,1,1,12:02
645,Mumbai,2024-11-06,04:57,Theft,Connaught Place,19.52269533,72.87533548,7,50,1,1,04:00
649,Mumbai,2023-01-11,04:13,Fraud,Dadar,24.00850251,74.99126927,,42,1,0,20:08
652,Mumbai,2023-05-12,10:00,Theft,Dwarka,20.7590457,76.75039736,2,12,1,1,10:59
655,Mumbai,2024-07-13,16:06,Theft,Dadar,29.4285861,73.11344762,6,49,0,0,01:18
659,Mumbai,2024-02-24,09:52,Theft,Colaba,24.59142864,75.14824525,4,51,1,1,04:37
660,Mumbai,2024-02-14,03:34,Assault,Saket,19.26372992,72.13350211,1,16,1,1,17:32
661,Mumbai,2023-09-10,23:39,Theft,Dwarka,22.4432789,76.30028166,2,9,1,1,15:09
664,Mumbai,2024-08-20,23:21,Harassment,Karol Bagh,23.95640742,73.0086153,,29,1,1,08:09
667,Mumbai,2023-12-28,08:07,Theft,Connaught Place,23.21411577,77.72538814,10,24,0,0,21:44
668,Mumbai,2024-10-14,20:29,Fraud,Karol Bagh,28.19127781,74.2286037,2,35,1,1,17:23
672,Mumbai,2023-01-05,15:48,Burglary,Saket,28.31205853,75.94496436,8,13,1,1,19:52
673,Mumbai,2024-01-05,09:14,Fraud,Andheri,23.69595853,73.15646104,5,55,1,1,17:29
674,Mumbai,2023-04-25,16:06,Assault,Connaught Place,25.0721999,73.81502376,3,23,0,1,21:14
675,Mumbai,2024-06-13,02:46,Assault,Bandra,21.54035831,72.79062533,6,25,1,1,20:33
677,Mumbai,2024-06-12,11:15,Theft,Dadar,24.8518715,73.22189185,8,16,1,0,21:17
678,Mumbai,2024-02-19,21:31,Assault,Bandra,27.89938005,75.86398772,7,56,0,1,01:03
679,Mumbai,2023-09-12,22:27,Fraud,Andheri,27.58806003,77.96703063,,48,1,1,12:51
680,Mumbai,2024-06-21,13:03,Assault,Connaught Place,21.36505245,72.07205498,4,21,0,1,15:08
681,Mumbai,2024-04-04,20:06,Theft,Karol Bagh,26.87199106,75.24551888,6,10,1,0,09:26
684,Mumbai,2023-05-25,08:57,Fraud,Andheri,20.89870024,75.03603201,8,19,0,1,07:10
686,Mumbai,2023-10-10,16:21,Theft,Andheri,23.95994018,74.82991681,5,59,1,0,07:03
687,Mumbai,2024-04-04,13:42,Fraud,Saket,22.87676005,73.61342583,8,28,1,1,06:05
690,Mumbai,2023-11-28,03:45,Burglary,Saket,28.45632102,72.31554883,5,41,0,1,07:15
691,Mumbai,2024-11-12,15:15,Theft,Juhu,21.83530737,75.30295482,2,2,1,0,00:57
692,Mumbai,2023-09-18,18:31,Theft,Juhu,21.49072566,73.84376186,7,51,1,1,02:06
694,Mumbai,2023-12-23,13:42,Theft,Saket,24.48736126,72.80578179,8,40,1,1,16:16
695,Mumbai,2023-06-17,08:06,Burglary,Bandra,21.36593752,77.59577979,8,50,1,1,21:01
696,Mumbai,2023-02-07,22:31,Harassment,Dwarka,21.99046799,77.36712746,5,40,1,1,12:22
698,Mumbai,2024-01-12,18:24,Assault,Saket,26.90306196,74.0606657,4,38,1,1,17:20
699,Mumbai,2024-08-26,19:33,Assault,Karol Bagh,27.47097934,75.68095663,,42,0,1,10:33
701,Mumbai,2023-05-13,01:38,Harassment,Karol Bagh,26.85495725,74.12740693,8,36,1,1,11:08
702,Mumbai,2024-09-14,03:37,Assault,Dadar,27.09528931,73.50667372,3,3,1,1,22:18
704,Mumbai,2023-06-21,18:06,Assault,Dadar,29.62795827,77.11506382,2,41,1,1,18:25
707,Mumbai,2023-03-14,18:43,Harassment,Dwarka,21.04781539,77.58435477,8,47,1,1,06:26
708,Mumbai,2023-02-17,22:57,Fraud,Andheri,20.3822726,77.5945667,8,56,1,1,19:29
709,Mumbai,2023-05-06,19:26,Burglary,Andheri,20.52216419,77.81598075,1,41,1,0,08:22
710,Mumbai,2023-06-23,12:45,Harassment,Dadar,27.22977979,72.7522733,5,49,1,1,14:45
712,Mumbai,2024-02-09,11:41,Burglary,Bandra,27.6122759,76.06042019,10,12,1,1,10:04
714,Mumbai,2024-03-21,14:36,Harassment,Colaba,25.65073985,72.11079543,10,8,1,1,17:12
715,Mumbai,2024-10-18,16:02,Burglary,Juhu,26.55003267,72.37185022,9,14,1,1,20:32
716,Mumbai,2023-09-21,12:52,Harassment,Dwarka,19.20191297,77.32848229,4,59,1,1,14:45
718,Mumbai,2023-03-22,13:42,Fraud,Dwarka,26.01604397,74.14362553,1,44,0,1,07:21
719,Mumbai,2024-10-02,00:13,Assault,Saket,19.10279449,77.3463037,8,59,0,0,11:25
720,Mumbai,2023-02-02,18:11,Harassment,Juhu,19.36274638,75.56205045,6,46,0,0,13:58
721,Mumbai,2024-11-07,00:40,Harassment,Saket,28.37076781,76.83543388,8,20,1,1,19:27
723,Mumbai,2023-08-21,09:58,Theft,Karol Bagh,21.91906706,72.68038996,3,5,0,1,06:51
730,Mumbai,2024-10-05,08:28,Assault,Bandra,20.1712994,73.19131442,9,22,1,1,14:41
734,Mumbai,2023-06-08,05:13,Harassment,Karol Bagh,21.96439055,76.63135288,9,54,1,1,01:44
735,Mumbai,2024-02-09,17:49,Assault,Bandra,21.66986485,75.0999264,10,22,1,1,03:38
737,Mumbai,2023-01-10,10:47,Assault,Dwarka,21.17144107,76.34247831,1,42,1,1,18:07
740,Mumbai,2024-10-24,05:54,Harassment,Karol Bagh,20.61586226,77.30516683,2,48,1,1,13:59
742,Mumbai,2023-08-17,02:21,Harassment,Andheri,29.42224958,74.43109262,5,13,1,0,20:30
743,Mumbai,2024-08-10,11:39,Burglary,Connaught Place,28.73029186,77.5573647,2,39,1,0,13:45
746,Mumbai,2023-04-19,09:06,Fraud,Dwarka,27.3698062,77.88924836,3,3,1,0,21:59
750,Mumbai,2023-02-14,15:40,Fraud,Colaba,22.72681287,77.21079205,4,17,1,0,11:53
751,Mumbai,2023-05-24,05:48,Burglary,Dadar,20.93189112,74.83246701,8,44,0,1,03:31
753,Mumbai,2023-07-02,08:54,Theft,Colaba,27.73219503,77.01483822,1,46,0,1,06:27
754,Mumbai,2023-06-18,22:31,Burglary,Colaba,24.11334784,76.43135699,3,29,1,1,15:36
755,Mumbai,2024-02-13,11:21,Harassment,Juhu,24.9127541,73.59089401,10,4,0,1,23:53
756,Mumbai,2024-09-09,14:57,Theft,Saket,29.94675351,72.10136013,7,32,1,1,19:56
757,Mumbai,2023-03-04,11:48,Assault,Lajpat Nagar,23.3902023,74.87820098,6,49,1,1,01:05
761,Mumbai,2024-09-02,18:19,Assault,Bandra,26.65204829,77.27737943,3,13,1,1,02:38
762,Mumbai,2023-01-05,16:44,Theft,Andheri,29.31675674,75.48026133,3,20,1,1,01:43
764,Mumbai,2024-03-20,09:48,Assault,Dwarka,27.45239922,76.64909908,8,18,1,1,23:47
768,Mumbai,2024-12-19,02:12,Burglary,Colaba,19.22012896,77.55648808,4,37,1,1,17:42
769,Mumbai,2024-08-27,02:05,Harassment,Dwarka,21.78140477,74.73361523,6,12,1,0,14:10
774,Mumbai,2024-11-26,17:22,Fraud,Dwarka,25.30464173,77.02163307,6,36,1,1,01:40
775,Mumbai,2023-12-02,12:08,Harassment,Dadar,29.18326862,73.73962256,2,8,1,0,08:57
778,Mumbai,2023-01-19,09:39,Assault,Colaba,29.23386295,76.38336049,2,22,1,1,09:52
779,Mumbai,2023-04-01,18:05,Harassment,Connaught Place,27.63371282,77.79274907,4,49,1,1,23:17
783,Mumbai,2024-12-24,17:09,Theft,Lajpat Nagar,25.15871482,72.42706079,6,5,1,1,12:21
784,Mumbai,2023-12-05,21:17,Theft,Saket,27.68640975,75.34622857,8,46,1,1,13:26
785,Mumbai,2023-09-11,00:31,Assault,Connaught Place,27.12685555,73.7417849,9,34,1,1,06:40
788,Mumbai,2024-09-12,07:56,Fraud,Bandra,24.86948703,77.82436898,6,11,1,1,11:02
789,Mumbai,2024-10-16,07:28,Theft,Bandra,20.24416332,73.52875413,6,2,1,1,16:09
791,Mumbai,2024-04-10,06:09,Burglary,Karol Bagh,21.77038699,75.00744286,4,25,1,1,23:08
792,Mumbai,2024-12-07,00:18,Theft,Colaba,27.55032363,73.43506077,1,1,1,1,12:08
794,Mumbai,2024-09-26,19:30,Fraud,Andheri,26.66475065,74.65971592,1,5,1,1,21:34
802,Mumbai,2024-09-23,12:47,Theft,Dadar,21.18251111,73.67177,8,54,1,0,09:04
805,Mumbai,2023-11-08,08:27,Assault,Dadar,24.23274486,75.04610295,4,17,1,1,04:56
806,Mumbai,2023-02-14,11:23,Assault,Saket,24.90285608,76.15464212,1,35,1,1,09:33
807,Mumbai,2024-12-16,07:20,Harassment,Connaught Place,27.48249653,75.78111341,6,18,1,1,09:12
809,Mumbai,2023-01-18,02:44,Harassment,Dwarka,23.50279413,74.71204973,9,51,0,0,15:17
814,Mumbai,2023-11-19,16:45,Harassment,Andheri,19.16444968,74.60761421,8,5,0,1,16:03
815,Mumbai,2023-09-24,15:34,Harassment,Colaba,28.79020791,74.50641717,3,36,1,1,18:40
819,Mumbai,2024-01-01,22:44,Fraud,Dwarka,28.4488503,73.34503366,6,16,0,0,08:00
822,Mumbai,2024-11-18,08:36,Theft,Andheri,26.81267676,75.47643379,2,30,1,1,00:58
823,Mumbai,2024-03-28,01:29,Burglary,Lajpat Nagar,20.26939844,76.78902482,9,26,0,1,19:00
825,Mumbai,2023-06-06,15:37,Theft,Connaught Place,28.32768863,74.18700579,7,31,0,1,03:42
826,Mumbai,2024-11-09,13:04,Fraud,Karol Bagh,23.04423851,77.93256244,4,50,1,1,17:11
828,Mumbai,2024-05-19,17:28,Assault,Karol Bagh,24.54150788,74.39640181,6,52,1,1,10:44
830,Mumbai,2024-07-17,01:57,Fraud,Dadar,29.70183828,76.37924408,4,38,0,1,04:48
834,Mumbai,2023-05-13,11:04,Harassment,Andheri,24.29520983,77.17096878,7,20,1,0,13:22
836,Mumbai,2024-06-10,18:16,Burglary,Lajpat Nagar,25.16593288,76.10071646,7,23,0,1,14:25
839,Mumbai,2023-11-04,15:27,Assault,Dwarka,28.33937965,73.70736504,,39,1,1,11:30
842,Mumbai,2024-12-04,06:42,Fraud,Juhu,27.86618155,76.14126466,6,50,1,1,17:59
847,Mumbai,2024-09-26,18:51,Assault,Lajpat Nagar,29.01877702,72.74458126,10,9,1,0,13:06
848,Mumbai,2023-04-22,16:26,Theft,Dadar,20.92042383,74.51944529,9,15,0,0,10:57
850,Mumbai,2024-02-19,17:43,Burglary,Andheri,24.68520445,74.49335719,7,20,1,1,18:13
852,Mumbai,2023-10-18,00:39,Harassment,Colaba,21.30851145,76.43034982,9,59,0,1,04:38
859,Mumbai,2024-10-02,05:46,Theft,Colaba,23.65164115,76.9129974,1,35,1,1,06:56
861,Mumbai,2024-12-01,19:49,Fraud,Bandra,23.01996633,75.47532714,5,30,1,0,07:40
863,Mumbai,2023-12-07,05:01,Theft,Dwarka,19.6039538,74.51903269,7,54,1,0,01:27
864,Mumbai,2023-01-14,20:59,Assault,Dwarka,26.40730627,77.33828232,1,26,1,0,05:30
865,Mumbai,2024-12-03,15:46,Burglary,Juhu,28.80410931,74.62416775,5,12,1,1,19:54
868,Mumbai,2023-03-25,12:36,Harassment,Andheri,22.25518984,77.52321139,2,19,0,1,10:32
870,Mumbai,2024-07-13,12:51,Burglary,Lajpat Nagar,19.92697615,74.80735517,,16,1,1,09:51
872,Mumbai,2023-11-28,22:30,Harassment,Saket,26.90797639,76.74448871,9,23,1,0,06:13
873,Mumbai,2024-02-06,04:54,Burglary,Lajpat Nagar,27.02567314,72.45286749,3,57,1,0,22:56
875,Mumbai,2023-01-25,03:19,Theft,Dwarka,26.89536599,75.22430305,4,42,0,1,04:38
877,Mumbai,2024-09-13,22:27,Burglary,Saket,28.1401474,72.0463816,1,30,1,1,01:14
878,Mumbai,2023-04-15,08:31,Burglary,Colaba,19.45755552,74.53868059,2,23,0,1,14:58
882,Mumbai,2024-10-25,11:41,Fraud,Andheri,25.14222925,73.23056252,4,43,0,1,11:38
884,Mumbai,2023-02-20,10:28,Assault,Andheri,23.30627703,76.85356384,5,43,1,0,22:50
885,Mumbai,2023-08-20,03:33,Burglary,Connaught Place,28.29445415,74.71520186,5,43,1,1,11:20
888,Mumbai,2023-09-07,17:03,Fraud,Dwarka,19.33465894,72.41589757,,47,1,0,05:05
889,Mumbai,2023-03-17,21:23,Burglary,Dadar,22.60961899,73.54540635,9,2,0,1,23:05
895,Mumbai,2024-01-18,18:36,Theft,Dwarka,20.34771057,76.68463941,7,37,0,1,21:20
896,Mumbai,2023-11-22,11:54,Fraud,Dwarka,21.33230636,74.18271631,,32,1,1,19:05
897,Mumbai,2024-09-16,02:11,Fraud,Juhu,19.32496165,76.41632409,10,56,0,1,01:00
898,Mumbai,2023-06-21,06:40,Theft,Colaba,23.77328775,75.07787305,5,43,1,1,22:17
902,Mumbai,2024-04-28,03:55,Theft,Bandra,25.75499812,75.21064068,8,35,0,1,08:18
903,Mumbai,2023-05-28,21:58,Fraud,Bandra,24.85101767,75.06905019,7,41,0,1,08:13
906,Mumbai,2023-07-08,05:57,Burglary,Andheri,29.99455709,74.747515,9,34,1,1,13:37
907,Mumbai,2024-04-11,14:45,Harassment,Connaught Place,28.1875222,72.76554744,8,38,1,1,02:16
910,Mumbai,2023-01-09,14:01,Fraud,Dadar,20.13345863,75.01519011,7,17,1,1,22:00
914,Mumbai,2024-05-01,09:59,Fraud,Colaba,20.19468143,77.66102121,1,8,1,1,14:25
915,Mumbai,2023-04-24,09:06,Theft,Dwarka,24.2007268,76.64011868,9,54,1,1,22:32
916,Mumbai,2023-12-25,11:43,Fraud,Lajpat Nagar,26.44840237,77.03328648,3,15,1,1,07:20
917,Mumbai,2024-04-23,05:37,Assault,Andheri,28.61955825,74.20121037,1,50,1,1,05:29
918,Mumbai,2023-07-08,16:10,Fraud,Colaba,27.24138882,76.56498618,6,45,1,1,16:03
919,Mumbai,2024-05-13,03:31,Burglary,Dadar,29.32444155,74.91223737,4,25,1,1,20:32
920,Mumbai,2024-09-21,06:38,Assault,Lajpat Nagar,19.59288119,73.20650093,1,8,0,1,14:58
928,Mumbai,2023-05-18,07:23,Burglary,Connaught Place,23.84163292,73.80379157,2,33,1,1,01:00
929,Mumbai,2024-05-05,04:15,Harassment,Connaught Place,24.63671407,75.42810939,3,7,1,1,01:37
932,Mumbai,2023-08-18,11:03,Theft,Juhu,21.76438456,73.99468631,,29,0,1,13:13
935,Mumbai,2024-08-06,18:06,Harassment,Dadar,27.15987123,77.33425271,3,44,0,0,23:55
937,Mumbai,2024-03-18,21:41,Burglary,Andheri,26.33595925,75.64985417,5,58,1,0,15:59
939,Mumbai,2023-11-02,16:36,Fraud,Karol Bagh,25.4689487,75.01922802,1,54,1,1,10:18
940,Mumbai,2023-07-05,18:44,Theft,Dwarka,25.27758628,76.61240876,1,20,0,1,12:23
941,Mumbai,2023-02-23,17:33,Theft,Bandra,24.32692818,77.26527326,9,14,1,0,17:26
943,Mumbai,2024-06-02,17:41,Harassment,Andheri,24.40969696,74.30913757,4,38,0,1,05:35
948,Mumbai,2023-09-27,20:27,Fraud,Karol Bagh,20.49474765,75.61706848,5,24,1,0,13:40
949,Mumbai,2024-03-04,12:27,Assault,Saket,19.73290798,77.99883086,4,38,1,0,06:14
952,Mumbai,2024-06-09,15:06,Fraud,Colaba,19.66480199,72.97707945,8,36,1,1,12:22
954,Mumbai,2024-08-19,15:39,Assault,Dwarka,21.04869432,75.35290341,2,41,1,1,21:26
957,Mumbai,2023-11-28,09:49,Theft,Lajpat Nagar,29.45672952,76.17197644,8,30,0,1,09:47
959,Mumbai,2024-07-18,01:33,Fraud,Lajpat Nagar,22.89296234,73.55458923,7,52,1,1,06:21
963,Mumbai,2024-11-26,18:34,Fraud,Saket,28.57440509,76.56481003,6,59,0,1,02:52
968,Mumbai,2023-11-09,09:24,Assault,Connaught Place,27.97402936,77.12867008,8,29,0,1,18:43
969,Mumbai,2023-03-28,06:22,Theft,Lajpat Nagar,23.95421534,77.63531097,9,57,0,1,12:22
971,Mumbai,2023-12-27,21:55,Theft,Dwarka,24.1822139,73.42481344,5,23,1,1,18:23
975,Mumbai,2024-07-25,11:43,Theft,Colaba,28.87259719,73.06679003,5,51,1,1,01:50
976,Mumbai,2023-12-24,22:02,Harassment,Saket,29.41378707,72.30743725,4,16,1,1,20:58
977,Mumbai,2023-09-24,06:06,Fraud,Saket,23.37236792,76.09776956,7,23,1,1,07:45
978,Mumbai,2024-01-04,14:11,Harassment,Karol Bagh,21.38854444,73.50647414,6,40,0,1,07:28
979,Mumbai,2024-04-27,07:45,Fraud,Bandra,23.110049,74.99802146,3,46,1,1,23:20
980,Mumbai,2023-06-20,10:04,Fraud,Connaught Place,22.66203306,76.48048064,9,37,0,1,04:11
981,Mumbai,2024-06-01,22:13,Harassment,Karol Bagh,20.93769304,75.37600068,4,1,1,1,18:53
982,Mumbai,2024-08-16,15:13,Assault,Juhu,25.67993337,72.4998155,5,19,0,1,12:47
983,Mumbai,2023-06-18,18:40,Burglary,Juhu,24.24286577,73.11348142,3,37,1,1,08:33
985,Mumbai,2024-02-25,01:59,Burglary,Connaught Place,19.35320539,73.54718552,7,30,1,1,04:05
986,Mumbai,2024-04-23,12:13,Theft,Karol Bagh,26.0825472,75.39242035,7,17,1,1,00:36
987,Mumbai,2023-02-09,22:07,Theft,Lajpat Nagar,27.39243766,75.02379468,8,39,0,0,05:11
988,Mumbai,2023-07-23,09:00,Fraud,Andheri,27.35435226,73.21896023,,49,1,1,04:20
989,Mumbai,2023-12-13,07:42,Theft,Karol Bagh,28.74681364,72.40532906,3,26,0,1,02:46
990,Mumbai,2024-06-04,10:11,Theft,Saket,27.01937117,73.02859323,3,13,1,1,08:21
991,Mumbai,2023-01-10,12:52,Harassment,Andheri,29.20591068,77.90628788,2,54,1,1,11:30
992,Mumbai,2024-06-25,07:23,Burglary,Karol Bagh,22.6592226,74.8112817,1,22,1,1,18:40
993,Mumbai,2024-02-05,12:02,Harassment,Connaught Place,24.53530358,77.20407303,5,46,0,1,11:53
994,Mumbai,2023-03-14,04:09,Theft,Andheri,19.1548763,77.0925148,4,23,1,1,23:12
995,Mumbai,2024-09-18,19:15,Fraud,Andheri,19.07653346,75.06911734,2,44,1,1,14:41
998,Mumbai,2023-10-20,13:43,Assault,Colaba,21.86232505,76.13038023,6,27,1,1,13:02
999,Mumbai,2024-07-01,18:45,Theft,Karol Bagh,20.94747624,73.63430748,2,35,0,0,08:04
1001,Mumbai,2023-12-18,06:56,Harassment,Saket,29.00234561,72.5023448,7,9,1,1,13:19
1007,Mumbai,2024-05-14,08:53,Assault,Saket,26.19291261,74.92501367,2,44,1,1,15:09
1009,Mumbai,2023-06-09,15:16,Theft,Saket,19.05873056,75.872651,10,7,1,1,17:09
1010,Mumbai,2023-12-21,19:00,Burglary,Juhu,29.83358723,77.68513788,10,33,1,1,03:01
1013,Mumbai,2023-05-01,22:49,Theft,Connaught Place,26.25168991,75.65448993,7,45,0,1,20:48
1016,Mumbai,2024-07-27,07:04,Assault,Lajpat Nagar,22.20668621,74.83105785,10,55,1,1,19:09
1017,Mumbai,2023-05-11,20:07,Assault,Andheri,25.18982698,77.21310451,8,42,1,0,05:38
1019,Mumbai,2023-07-11,15:04,Fraud,Colaba,29.14151193,75.2079574,,36,0,1,01:05
1023,Mumbai,2024-07-12,21:45,Assault,Karol Bagh,27.405023,76.30186141,7,41,1,0,12:57
1024,Mumbai,2023-10-07,22:25,Fraud,Connaught Place,25.81286437,75.49560562,9,13,0,1,04:35
1025,Mumbai,2023-11-25,09:34,Harassment,Dadar,21.55347304,72.85986022,6,28,0,1,08:01
1026,Mumbai,2023-12-15,09:18,Harassment,Saket,19.01037347,74.67243257,1,49,0,1,14:51
1027,Mumbai,2023-08-26,18:16,Harassment,Colaba,27.32865638,74.1305686,8,15,1,0,13:43
1032,Mumbai,2023-12-14,15:12,Burglary,Bandra,23.5083244,77.34185519,2,8,1,1,17:29
1034,Mumbai,2024-10-13,01:30,Assault,Karol Bagh,24.24842744,76.46317287,9,32,1,1,06:42
1036,Mumbai,2024-12-26,03:14,Harassment,Connaught Place,27.52709846,76.02431715,2,54,1,1,15:25
1037,Mumbai,2023-02-25,01:53,Harassment,Andheri,24.79445798,73.41795611,2,48,1,0,14:43
1042,Mumbai,2024-02-01,13:39,Burglary,Karol Bagh,21.52957557,73.43846504,1,23,1,0,12:27
1045,Mumbai,2024-08-25,14:38,Theft,Juhu,26.49330184,72.17423941,2,13,1,0,22:35
1051,Mumbai,2023-09-16,18:00,Fraud,Saket,25.9915283,75.68652779,9,32,0,1,16:26
1057,Mumbai,2024-11-04,12:24,Harassment,Juhu,19.62524628,72.46109677,3,21,1,1,10:37
1059,Mumbai,2023-09-06,16:04,Fraud,Dwarka,25.47276912,76.01955805,1,53,0,0,20:27
1060,Mumbai,2024-09-14,07:11,Harassment,Karol Bagh,25.12647301,74.81933945,3,55,0,1,05:36
1065,Mumbai,2023-08-19,14:04,Assault,Colaba,26.87791265,76.84499239,7,36,1,1,04:20
1072,Mumbai,2024-09-21,02:26,Fraud,Andheri,28.31713239,74.4008728,6,44,1,0,22:38
1073,Mumbai,2024-10-13,16:34,Fraud,Connaught Place,28.10703268,75.55711203,3,48,1,1,22:10
1077,Mumbai,2024-10-19,10:23,Fraud,Dadar,21.65327452,76.01699146,3,47,0,1,05:12
1079,Mumbai,2024-02-08,03:43,Harassment,Dadar,29.69305593,74.79523037,2,16,1,1,07:16
1084,Mumbai,2024-03-16,18:07,Assault,Lajpat Nagar,21.44864,77.29683408,4,47,0,1,03:59
1085,Mumbai,2023-09-06,07:48,Burglary,Bandra,21.87320188,72.41966406,1,37,1,0,09:38
1088,Mumbai,2024-10-02,02:01,Harassment,Karol Bagh,20.8438372,72.88241943,7,34,1,1,17:03
1089,Mumbai,2024-01-16,20:52,Theft,Saket,21.89168772,76.5925933,2,33,1,1,12:55
1090,Mumbai,2023-04-27,15:59,Assault,Juhu,19.39323234,76.46541155,3,15,1,1,16:25
1091,Mumbai,2024-09-17,18:41,Assault,Juhu,26.74865984,77.42004608,8,2,1,0,05:32
1093,Mumbai,2024-07-23,21:39,Burglary,Lajpat Nagar,20.03667373,73.30010546,4,20,1,1,23:47
1095,Mumbai,2023-10-01,23:15,Assault,Connaught Place,20.12787992,76.0234803,9,44,1,0,16:30
1096,Mumbai,2023-05-02,21:31,Assault,Karol Bagh,25.73852089,77.36633912,5,53,1,1,19:10
1097,Mumbai,2024-04-18,19:16,Theft,Lajpat Nagar,20.036314,72.34307793,,16,1,1,08:16
1098,Mumbai,2024-03-25,11:40,Theft,Colaba,27.29710566,75.58178379,7,46,1,1,19:57
1099,Mumbai,2024-10-24,14:30,Harassment,Andheri,19.22562011,75.41427945,1,4,0,1,08:56
1102,Mumbai,2024-09-27,11:14,Theft,Andheri,26.9038445,75.65712187,10,55,1,1,20:43
1103,Mumbai,2024-09-27,04:18,Fraud,Karol Bagh,19.80265166,73.14775905,6,46,1,1,19:23
1105,Mumbai,2023-07-04,05:24,Fraud,Juhu,24.42338634,75.84208408,10,26,0,1,13:39
1106,Mumbai,2023-05-28,08:56,Assault,Lajpat Nagar,28.3146133,74.80980569,1,32,1,1,22:20
1108,Mumbai,2024-02-15,23:01,Harassment,Andheri,26.50016335,74.0542906,10,5,1,1,02:14
1109,Mumbai,2023-04-07,13:51,Burglary,Andheri,29.92851716,73.59995795,2,44,1,1,21:19
1113,Mumbai,2023-01-19,17:54,Burglary,Karol Bagh,19.43397148,76.62437169,3,13,1,1,20:15
1120,Mumbai,2023-12-28,23:28,Theft,Juhu,24.16233296,77.88965656,7,18,1,1,13:37
1121,Mumbai,2023-04-05,14:24,Fraud,Connaught Place,29.170851,76.2690774,5,29,1,1,02:51
1125,Mumbai,2024-08-03,04:46,Fraud,Andheri,27.62317807,76.2608513,1,36,1,1,07:40
1126,Mumbai,2023-07-17,16:13,Burglary,Karol Bagh,24.71208091,76.57008814,9,5,0,1,19:35
1127,Mumbai,2024-12-12,07:13,Assault,Colaba,28.4374714,77.63019009,5,40,0,1,00:05
1128,Mumbai,2024-08-11,22:12,Theft,Connaught Place,23.30515903,72.68190757,10,37,1,0,21:56
1129,Mumbai,2023-12-03,18:12,Harassment,Colaba,28.77562536,76.22870576,1,33,1,1,05:10
1130,Mumbai,2024-11-22,23:42,Fraud,Connaught Place,21.64249883,77.10483575,1,18,1,1,00:04
1131,Mumbai,2024-02-26,19:23,Fraud,Saket,22.08238048,77.7262716,1,19,1,1,12:13
1132,Mumbai,2024-04-14,14:35,Assault,Dadar,19.58432687,73.26581574,9,51,0,0,03:32
1133,Mumbai,2023-08-09,13:23,Assault,Lajpat Nagar,27.7514002,75.02357405,8,32,1,1,11:11
1138,Mumbai,2024-01-04,20:28,Burglary,Saket,28.17308261,74.00074212,4,1,1,1,04:13
1139,Mumbai,2023-08-15,09:57,Burglary,Colaba,25.08883974,74.64911218,5,54,1,1,02:59
1141,Mumbai,2023-11-10,01:12,Fraud,Dadar,24.21758128,74.69619523,,20,1,0,12:40
1143,Mumbai,2024-05-03,17:56,Fraud,Dwarka,29.07024569,73.79153254,10,35,1,0,21:04
1145,Mumbai,2023-01-13,12:59,Harassment,Andheri,23.60291469,72.28409986,5,6,0,0,00:37
1146,Mumbai,2024-12-23,16:27,Fraud,Colaba,22.79018099,73.17587233,8,6,1,1,17:11
1148,Mumbai,2023-12-04,00:44,Harassment,Saket,24.03395062,76.71669269,4,37,1,1,15:02
1153,Mumbai,2024-02-28,18:49,Burglary,Dadar,21.02764484,77.70899664,8,37,1,1,05:02
1154,Mumbai,2024-12-05,04:41,Harassment,Karol Bagh,19.71317641,76.28590782,5,31,1,1,03:11
1155,Mumbai,2024-02-08,12:36,Harassment,Saket,27.38917815,73.96053628,1,35,0,1,19:22
1157,Mumbai,2023-02-11,13:20,Harassment,Colaba,25.89308052,75.14219032,4,45,1,1,07:06
1159,Mumbai,2024-03-21,23:08,Burglary,Connaught Place,26.47248332,72.70605908,,17,0,1,14:31
1160,Mumbai,2023-02-17,15:20,Fraud,Andheri,24.17550791,73.05514729,1,15,0,1,20:20
1161,Mumbai,2023-10-21,19:59,Harassment,Andheri,23.26688382,76.64834156,10,5,1,1,12:57
1163,Mumbai,2023-11-24,23:40,Theft,Juhu,26.04053677,72.06340274,10,46,1,1,22:00
1164,Mumbai,2023-07-20,01:43,Burglary,Bandra,24.4427379,76.04109916,4,11,1,1,00:44
1166,Mumbai,2023-03-25,02:05,Assault,Lajpat Nagar,28.62172183,75.06511419,9,14,0,1,03:41
1168,Mumbai,2024-06-14,01:21,Harassment,Saket,20.49857017,75.31069337,4,3,1,0,23:05
1171,Mumbai,2023-09-20,23:09,Fraud,Colaba,19.20427791,73.7035044,5,42,1,1,06:52
1178,Mumbai,2023-09-01,05:18,Harassment,Saket,21.57613868,75.25769963,1,13,0,1,11:58
1181,Mumbai,2024-09-22,04:10,Assault,Andheri,22.35974862,74.60445837,6,51,1,1,15:19
1182,Mumbai,2023-08-25,13:07,Fraud,Connaught Place,22.53608726,73.15185304,9,21,1,1,13:39
1183,Mumbai,2023-01-19,17:58,Harassment,Karol Bagh,20.75592927,74.92931616,,59,1,1,03:07
1184,Mumbai,2023-01-09,19:26,Theft,Connaught Place,21.25701117,74.40728897,6,37,1,1,14:40
1185,Mumbai,2023-01-02,05:35,Burglary,Bandra,27.67407026,76.77338018,4,25,1,1,01:57
1186,Mumbai,2024-09-10,17:40,Harassment,Connaught Place,20.8391544,76.58162615,6,52,1,1,22:44
1187,Mumbai,2024-07-23,15:44,Harassment,Bandra,19.31303131,72.80399209,2,21,1,1,17:28
1190,Mumbai,2024-02-17,21:09,Fraud,Dwarka,22.64335196,75.21305033,6,4,0,0,17:11
1194,Mumbai,2024-12-28,12:30,Fraud,Dwarka,27.62467958,75.23655909,6,23,1,1,07:42
1195,Mumbai,2023-01-08,05:49,Burglary,Dadar,25.84767455,77.1642122,3,7,0,1,23:46
1197,Mumbai,2024-10-20,22:52,Burglary,Connaught Place,24.96068191,73.44267338,1,52,1,1,17:59
1202,Mumbai,2024-03-12,00:31,Harassment,Colaba,21.86437095,77.75516092,7,58,1,1,05:53
1203,Mumbai,2023-12-25,21:36,Harassment,Bandra,19.20302061,72.03565054,8,23,1,1,06:10
1204,Mumbai,2024-12-04,11:56,Fraud,Karol Bagh,25.00169311,72.28625005,9,3,1,1,03:24
1206,Mumbai,2024-05-17,11:04,Harassment,Andheri,27.69448223,74.09317258,8,53,1,0,00:01
1208,Mumbai,2023-08-15,19:19,Harassment,Connaught Place,21.87928156,77.35593717,2,49,0,0,19:55
1212,Mumbai,2023-04-24,20:20,Theft,Lajpat Nagar,24.21136169,74.78239042,7,59,0,0,17:14
1213,Mumbai,2023-01-28,09:45,Harassment,Colaba,27.79536509,72.62126143,2,18,1,1,04:43
1214,Mumbai,2023-04-02,02:22,Theft,Andheri,25.38681737,74.7468819,1,45,1,0,23:48
1215,Mumbai,2024-06-13,19:51,Theft,Dwarka,27.50399156,74.25476941,2,7,1,1,11:11
1217,Mumbai,2023-09-26,19:57,Harassment,Connaught Place,28.14558284,74.63195211,6,31,1,0,12:10
1218,Mumbai,2024-04-11,18:26,Theft,Dadar,22.02029547,72.10407556,9,38,1,0,11:09
1222,Mumbai,2023-09-22,16:57,Assault,Andheri,22.4999273,77.72770423,8,28,1,1,07:07
1226,Mumbai,2024-06-03,20:15,Burglary,Andheri,27.66058421,73.56498648,6,22,1,1,09:10
1228,Mumbai,2023-05-19,08:28,Theft,Dwarka,19.21891632,73.6292009,9,10,1,0,23:13
1229,Mumbai,2024-12-20,13:21,Harassment,Saket,26.68930155,72.19912578,9,7,1,1,05:56
1232,Mumbai,2023-03-01,21:29,Burglary,Connaught Place,23.43178537,76.54707776,2,27,0,1,03:47
1235,Mumbai,2023-06-01,01:08,Assault,Karol Bagh,25.46674261,76.69793014,4,11,0,1,03:07
1236,Mumbai,2024-12-24,19:00,Fraud,Andheri,24.51536126,73.08465573,8,53,1,1,13:59
1238,Mumbai,2023-07-16,00:19,Assault,Saket,19.92401886,75.85042227,6,8,1,1,23:34
1242,Mumbai,2024-08-24,22:43,Burglary,Lajpat Nagar,29.36567944,74.79602109,,22,1,1,10:06
1246,Mumbai,2023-07-22,16:54,Harassment,Karol Bagh,23.37748362,75.69952703,7,51,1,1,05:27
1247,Mumbai,2023-04-10,13:26,Burglary,Connaught Place,22.41161943,73.40309021,9,2,1,1,14:14
1248,Mumbai,2024-06-26,22:21,Fraud,Dwarka,23.96470398,72.47949066,9,48,1,1,00:10
1249,Mumbai,2024-12-27,04:22,Assault,Andheri,23.22613603,72.00332511,4,12,1,1,05:02
1250,Mumbai,2024-06-15,23:16,Theft,Andheri,23.7556729,75.64991641,7,47,0,1,19:36
1252,Mumbai,2023-03-25,15:18,Burglary,Colaba,19.97496272,76.51386582,7,55,1,0,15:43
1253,Mumbai,2023-03-04,08:05,Harassment,Lajpat Nagar,29.14453957,74.25105839,4,26,0,1,10:13
1254,Mumbai,2023-08-15,14:58,Fraud,Saket,24.28260385,74.91602069,10,38,1,0,20:54
1256,Mumbai,2024-04-15,21:58,Harassment,Colaba,28.13201263,75.90344875,4,45,0,1,21:00
1257,Mumbai,2024-08-09,10:55,Fraud,Juhu,22.96509332,74.13683497,10,6,1,1,11:50
1259,Mumbai,2024-12-23,03:01,Harassment,Saket,23.50470328,77.61688192,9,2,1,1,19:33
1265,Mumbai,2024-08-18,07:49,Theft,Colaba,23.70656466,76.17687555,2,32,0,1,10:00
1268,Mumbai,2023-01-27,23:00,Burglary,Karol Bagh,20.58060768,77.98730825,8,58,1,1,05:35
1270,Mumbai,2024-06-22,10:55,Burglary,Colaba,19.07941942,76.99798645,8,30,1,1,15:28
1271,Mumbai,2023-10-19,19:04,Theft,Dwarka,22.48255983,76.18580894,5,13,1,1,01:14
1272,Mumbai,2024-02-01,04:37,Theft,Dadar,26.44909796,76.14831867,1,40,0,0,15:32
1276,Mumbai,2024-01-06,21:06,Harassment,Juhu,22.94977857,73.31129077,8,38,1,1,23:00
1280,Mumbai,2023-03-09,23:59,Assault,Dadar,28.02690133,74.87299689,7,58,0,1,14:25
1281,Mumbai,2024-08-05,02:11,Assault,Colaba,20.40744935,73.36992104,8,59,1,1,08:42
1286,Mumbai,2024-07-05,06:03,Burglary,Andheri,21.59255826,77.58734856,5,5,1,1,22:57
1287,Mumbai,2024-04-21,22:05,Fraud,Karol Bagh,28.9908441,77.10217673,5,44,1,1,00:05
1288,Mumbai,2023-11-26,12:20,Burglary,Dwarka,22.40429737,72.40604122,7,49,0,1,15:57
1289,Mumbai,2023-07-26,20:33,Harassment,Colaba,29.74054545,77.96033927,7,2,1,1,05:28
1293,Mumbai,2023-01-11,22:11,Harassment,Andheri,26.80199213,73.02769582,7,20,0,1,23:08
1295,Mumbai,2024-01-26,23:43,Burglary,Dadar,24.25664785,72.12983595,7,25,0,0,18:01
1296,Mumbai,2024-09-12,18:55,Assault,Saket,21.45843746,73.39888382,4,17,1,1,03:54
1300,Mumbai,2023-04-19,05:12,Fraud,Lajpat Nagar,21.78569899,76.47690302,4,45,1,1,03:05
1302,Mumbai,2023-03-08,17:36,Burglary,Karol Bagh,19.31494313,77.35506851,7,54,0,0,06:16
1304,Mumbai,2024-10-01,03:44,Assault,Dadar,21.66541667,75.32035464,10,35,1,1,06:54
1305,Mumbai,2024-10-19,02:12,Burglary,Connaught Place,23.55474608,75.86572894,1,36,1,1,12:34
1307,Mumbai,2024-09-10,10:48,Assault,Colaba,24.40483999,77.85738754,9,39,0,1,19:38
1308,Mumbai,2023-08-02,07:10,Harassment,Dwarka,28.59712076,74.92893574,1,3,0,1,01:23
1310,Mumbai,2023-01-17,18:18,Fraud,Andheri,25.37958179,77.62357227,2,40,1,1,09:02
1312,Mumbai,2023-03-11,16:40,Harassment,Andheri,26.63391319,76.19515919,,53,1,0,02:04
1315,Mumbai,2023-02-28,11:47,Theft,Juhu,21.75062434,72.19880077,4,29,1,1,08:54
1316,Mumbai,2024-02-12,07:33,Theft,Karol Bagh,23.58753601,73.61027019,10,5,0,0,15:51
1317,Mumbai,2024-10-04,00:41,Assault,Karol Bagh,22.85517223,74.81789014,,3,1,0,02:46
1318,Mumbai,2024-05-11,21:16,Theft,Juhu,28.44695306,72.4596217,6,10,1,1,02:29
1319,Mumbai,2023-03-24,09:48,Assault,Colaba,20.39198905,76.23544002,4,31,1,0,01:42
1321,Mumbai,2024-03-23,01:04,Assault,Connaught Place,20.5626777,73.63600794,10,17,1,1,17:22
1324,Mumbai,2024-03-06,19:48,Theft,Andheri,23.78068419,77.00285585,9,8,1,1,16:35
1329,Mumbai,2023-08-05,21:05,Assault,Lajpat Nagar,25.36162013,72.07282475,8,41,0,1,01:28
1331,Mumbai,2023-06-11,11:44,Theft,Saket,20.17571713,75.86523289,4,41,0,1,19:01
1332,Mumbai,2023-11-03,21:38,Theft,Karol Bagh,28.03221581,77.50915064,8,21,1,1,09:40
1334,Mumbai,2024-04-08,18:16,Assault,Andheri,19.79583361,76.59114122,7,58,1,1,21:05
1335,Mumbai,2023-06-09,23:53,Harassment,Dadar,27.64800936,75.58612218,8,35,0,1,07:34
1336,Mumbai,2023-12-01,10:28,Fraud,Andheri,23.14644969,77.56207268,8,14,0,0,21:33
1338,Mumbai,2024-03-14,15:23,Fraud,Karol Bagh,25.97156943,73.91457204,4,6,1,1,01:58
1339,Mumbai,2024-07-12,15:19,Theft,Dwarka,28.68144489,77.32285199,9,16,0,1,03:06
1340,Mumbai,2024-02-27,15:20,Burglary,Colaba,28.7652886,72.29546641,10,23,0,1,08:52
1342,Mumbai,2023-03-15,06:14,Harassment,Connaught Place,28.54476006,72.49442661,8,42,1,1,13:31
1349,Mumbai,2024-12-01,14:28,Theft,Dwarka,23.01527834,73.12080505,8,45,1,0,12:47
1351,Mumbai,2024-03-02,23:48,Fraud,Dwarka,24.5355118,76.07615274,3,13,1,1,15:02
1352,Mumbai,2023-06-07,12:26,Theft,Lajpat Nagar,24.11262627,74.92516542,9,49,0,0,18:09
1354,Mumbai,2024-11-10,04:50,Fraud,Andheri,24.428504,75.93677283,5,20,0,0,13:19
1355,Mumbai,2024-04-04,10:24,Harassment,Andheri,20.96238077,77.0522327,10,55,1,1,10:04
1356,Mumbai,2023-07-19,20:09,Fraud,Connaught Place,24.64376365,76.32194566,6,31,1,0,15:55
1357,Mumbai,2024-03-02,12:23,Theft,Andheri,27.95418409,76.97974751,,9,0,0,14:48
1359,Mumbai,2023-05-27,21:57,Assault,Bandra,27.67439942,77.33332764,9,8,1,1,04:42
1361,Mumbai,2023-04-06,18:11,Burglary,Colaba,21.79639612,72.08042889,8,37,0,1,00:16
1362,Mumbai,2024-02-16,06:06,Theft,Juhu,28.48292494,77.06034988,4,29,1,1,22:22
1364,Mumbai,2024-08-16,15:09,Harassment,Karol Bagh,21.13567966,75.93334918,5,35,1,0,14:32
1365,Mumbai,2024-02-21,08:21,Burglary,Karol Bagh,20.435012,73.38861978,7,45,1,1,05:28
1366,Mumbai,2024-03-12,06:01,Fraud,Connaught Place,29.73165465,73.51046679,7,38,1,1,14:42
1368,Mumbai,2024-01-09,05:19,Burglary,Karol Bagh,28.82559762,77.38698648,5,11,0,0,06:46
1370,Mumbai,2023-05-19,07:12,Fraud,Connaught Place,24.95855506,76.95584202,8,35,0,1,19:58
1373,Mumbai,2024-09-14,13:27,Theft,Lajpat Nagar,19.56326984,77.52162719,6,45,1,1,22:11
1374,Mumbai,2023-09-02,05:31,Harassment,Colaba,27.20053394,74.56496323,2,47,0,1,17:17
1377,Mumbai,2024-05-03,02:20,Harassment,Colaba,24.52903785,75.17689729,,47,1,1,07:23
1379,Mumbai,2023-02-25,19:18,Theft,Karol Bagh,20.8896802,75.73697542,7,43,0,1,15:11
1380,Mumbai,2024-03-06,04:15,Harassment,Saket,22.06585087,72.91733307,10,43,1,0,14:10
1381,Mumbai,2023-04-05,16:31,Fraud,Juhu,20.74737961,77.06874216,1,13,0,1,19:38
1382,Mumbai,2023-07-03,06:26,Fraud,Saket,21.15232925,73.17465067,3,44,1,0,06:13
1384,Mumbai,2023-10-09,09:40,Theft,Dadar,20.6842479,73.50342775,9,29,1,1,10:44
1386,Mumbai,2023-02-13,20:19,Fraud,Lajpat Nagar,25.49648624,73.70793236,3,52,1,1,21:40
1388,Mumbai,2024-09-15,13:39,Burglary,Connaught Place,20.69371543,73.86001112,3,19,0,1,22:57
1391,Mumbai,2023-03-19,09:21,Fraud,Dwarka,21.61049475,77.29771474,2,48,1,1,18:32
1392,Mumbai,2023-02-19,23:23,Assault,Lajpat Nagar,22.17532933,73.84423632,10,41,1,1,12:42
1393,Mumbai,2023-05-28,22:55,Assault,Colaba,29.31786652,76.15195513,8,59,1,1,13:12
1394,Mumbai,2024-07-09,04:23,Theft,Dwarka,28.08238591,76.5176916,6,27,1,0,22:38
1396,Mumbai,2024-01-06,02:01,Burglary,Connaught Place,19.90456544,74.40353614,1,31,0,0,12:18
1399,Mumbai,2024-12-08,06:20,Burglary,Colaba,21.06152417,73.93267558,2,24,0,1,21:29
1404,Mumbai,2023-04-05,10:36,Assault,Andheri,28.2449454,75.39118513,1,35,1,1,21:22
1405,Mumbai,2024-12-15,10:44,Assault,Juhu,22.55970416,75.66860542,10,21,0,0,04:45
1406,Mumbai,2024-05-24,06:57,Harassment,Juhu,28.2252287,72.41359621,2,1,0,1,07:38
1407,Mumbai,2024-10-21,04:20,Fraud,Dadar,20.13934223,77.18686142,7,44,1,0,02:35
1410,Mumbai,2024-09-28,18:39,Harassment,Dadar,19.91219868,77.87467302,6,39,0,1,14:25
1411,Mumbai,2024-01-17,07:52,Fraud,Andheri,26.05952945,75.5730156,8,34,1,1,05:50
1412,Mumbai,2023-02-10,07:31,Fraud,Lajpat Nagar,24.19131102,76.34825692,8,18,0,1,04:30
1414,Mumbai,2023-03-07,00:20,Burglary,Colaba,22.99508116,72.36219506,6,15,1,1,07:53
1415,Mumbai,2023-01-08,16:56,Theft,Dadar,22.1586749,76.7855961,5,47,1,1,07:54
1416,Mumbai,2023-08-02,03:24,Fraud,Saket,24.50808397,72.20999305,7,32,0,1,09:57
1425,Mumbai,2024-12-27,08:45,Harassment,Lajpat Nagar,23.33684059,74.80688578,5,23,1,1,04:05
1426,Mumbai,2023-05-01,04:23,Fraud,Andheri,26.44790169,73.86849452,5,38,1,1,11:25
1429,Mumbai,2023-11-07,20:00,Harassment,Karol Bagh,27.01792349,75.39722894,1,15,1,1,22:21
1433,Mumbai,2023-10-26,08:20,Assault,Bandra,27.95861117,73.16497246,2,1,1,0,16:35
1434,Mumbai,2023-04-09,15:20,Burglary,Karol Bagh,24.05075043,74.8624005,8,24,0,1,13:11
1435,Mumbai,2024-12-23,19:56,Fraud,Karol Bagh,21.76967299,77.19849078,,49,1,1,06:12
1436,Mumbai,2024-07-13,17:12,Burglary,Bandra,23.07352193,72.13084076,10,11,1,1,11:29
1437,Mumbai,2024-08-09,20:12,Theft,Colaba,19.22259856,76.07732471,1,30,1,1,01:18
1439,Mumbai,2024-10-04,03:18,Burglary,Bandra,24.5556358,73.01734797,3,11,0,1,11:23
1442,Mumbai,2024-05-22,06:33,Burglary,Juhu,29.02599404,73.76281217,7,12,1,1,20:19
1443,Mumbai,2023-08-03,16:18,Harassment,Colaba,20.77884056,76.96875115,8,4,1,1,06:17
1447,Mumbai,2023-01-26,00:19,Burglary,Colaba,27.7834556,76.44490595,,43,1,1,14:21
1448,Mumbai,2024-11-11,08:13,Theft,Dadar,24.76441437,77.01867538,3,30,1,1,08:56
1449,Mumbai,2023-12-01,04:18,Fraud,Dwarka,25.29309799,72.32843782,7,40,1,1,18:16
1450,Mumbai,2024-05-09,00:01,Theft,Dwarka,28.38314915,76.65629375,5,32,1,1,09:36
1451,Mumbai,2024-07-13,20:41,Theft,Connaught Place,27.86520969,75.68223889,4,44,1,1,10:30
1453,Mumbai,2023-06-24,11:29,Burglary,Dadar,26.85306042,75.05146753,7,21,1,1,05:48
1457,Mumbai,2023-05-04,19:28,Harassment,Saket,24.35974516,77.72144122,7,44,1,1,05:54
1458,Mumbai,2024-03-24,10:06,Harassment,Dwarka,22.90980349,73.09881223,2,8,1,1,20:49
1459,Mumbai,2024-12-26,08:29,Harassment,Dwarka,21.76664344,75.63620072,7,59,1,1,09:24
1466,Mumbai,2023-08-02,01:55,Assault,Karol Bagh,29.30823743,72.46363036,3,13,0,1,15:41
1467,Mumbai,2023-08-07,10:35,Fraud,Juhu,25.90381861,74.05960294,2,39,0,1,19:11
1468,Mumbai,2023-11-13,15:23,Fraud,Karol Bagh,22.54031299,76.12273512,6,52,0,0,08:42
1469,Mumbai,2024-07-02,04:20,Harassment,Bandra,21.71125701,74.99151772,6,35,1,1,12:18
1472,Mumbai,2024-03-11,20:27,Harassment,Bandra,20.51501132,74.44461392,,31,1,0,16:28
1474,Mumbai,2024-11-06,12:11,Harassment,Saket,20.83200147,76.8585223,1,50,1,1,14:46
1475,Mumbai,2024-11-02,10:39,Theft,Saket,24.81492821,74.44559,6,40,1,1,06:20
1476,Mumbai,2023-08-09,01:41,Fraud,Saket,25.49128065,72.15872703,6,44,1,1,06:41
1478,Mumbai,2023-08-26,18:48,Assault,Karol Bagh,19.38571444,77.13746425,9,21,1,1,16:56
1479,Mumbai,2023-03-20,18:02,Harassment,Bandra,19.40979269,77.76360486,5,3,1,0,15:23
1480,Mumbai,2024-11-14,16:03,Burglary,Connaught Place,19.28982065,76.13045602,1,48,1,1,20:36
1483,Mumbai,2023-12-12,15:04,Harassment,Karol Bagh,27.75930205,75.97681852,3,17,1,0,00:03
1494,Mumbai,2023-06-16,01:33,Assault,Bandra,24.43538315,72.51905561,6,26,1,1,17:10
1495,Mumbai,2024-04-06,13:41,Fraud,Lajpat Nagar,25.82306699,72.34168769,7,32,0,1,08:20
1497,Mumbai,2023-12-05,04:35,Assault,Lajpat Nagar,27.13776009,74.78293031,2,22,0,1,02:01
1498,Mumbai,2023-12-01,02:52,Theft,Andheri,26.76530279,75.65472373,5,47,0,1,23:32
1502,Mumbai,2023-10-02,07:03,Harassment,Bandra,23.75498417,77.08856798,3,51,1,1,07:47
1503,Mumbai,2023-11-27,20:43,Assault,Lajpat Nagar,23.5403938,75.20980023,6,41,1,1,15:34
1507,Mumbai,2024-08-23,15:02,Burglary,Juhu,28.81323217,75.16461651,,31,0,1,23:03
1508,Mumbai,2023-04-23,01:14,Theft,Karol Bagh,19.33861412,75.08731855,6,15,1,1,20:04
1509,Mumbai,2023-05-14,07:09,Assault,Juhu,27.23235992,72.52487763,4,14,1,1,08:40
1510,Mumbai,2023-11-17,04:32,Assault,Dwarka,27.34673557,75.93509369,4,35,1,1,13:00
1515,Mumbai,2023-08-07,16:48,Burglary,Dwarka,22.6369625,73.70606346,5,49,1,1,00:24
1516,Mumbai,2023-05-27,09:31,Harassment,Saket,19.99350416,75.92366203,6,40,1,1,19:40
1519,Mumbai,2023-09-16,13:35,Fraud,Dadar,20.15009904,74.49473341,5,47,0,0,09:38
1521,Mumbai,2024-04-01,06:37,Assault,Karol Bagh,27.11748432,72.2912007,10,59,1,1,04:51
1529,Mumbai,2023-03-28,06:09,Harassment,Karol Bagh,23.78928336,74.94683121,10,54,1,0,02:22
1530,Mumbai,2023-05-12,17:00,Harassment,Dadar,23.42088579,73.84102878,5,47,0,1,18:00
1531,Mumbai,2024-07-24,20:47,Fraud,Dadar,25.33291236,72.61159144,7,1,1,1,03:06
1532,Mumbai,2023-02-28,19:18,Harassment,Connaught Place,25.41724856,72.37632955,4,44,1,1,05:20
1533,Mumbai,2023-01-28,08:35,Assault,Dwarka,27.24985683,74.09320033,7,6,1,0,00:08
1536,Mumbai,2024-10-09,06:48,Harassment,Juhu,28.44120469,77.38050819,10,51,1,0,01:00
1538,Mumbai,2024-03-04,10:12,Theft,Andheri,29.68427206,77.44635206,5,13,1,1,01:11
1539,Mumbai,2024-07-15,10:57,Fraud,Dadar,20.2964612,75.16334851,3,38,1,0,15:10
1543,Mumbai,2023-03-04,00:28,Assault,Saket,19.51237936,73.60324366,5,40,1,0,16:14
1545,Mumbai,2024-03-20,21:32,Burglary,Colaba,28.3532861,75.08989442,1,15,1,0,03:59
1546,Mumbai,2024-06-20,12:13,Burglary,Bandra,23.7747819,73.93096505,2,50,1,0,05:03
1547,Mumbai,2023-11-27,05:07,Theft,Bandra,29.21374283,72.9249363,3,2,1,1,17:25
1550,Mumbai,2023-02-09,06:12,Harassment,Karol Bagh,28.29961122,75.42331713,9,26,0,0,19:35
1554,Mumbai,2023-07-22,06:56,Burglary,Andheri,28.91059846,75.45346275,4,18,1,1,12:48
1555,Mumbai,2023-08-12,18:52,Theft,Juhu,29.74131054,74.77997341,5,21,1,1,12:39
1557,Mumbai,2023-01-21,14:03,Fraud,Bandra,20.4010924,76.76776075,8,31,1,1,20:48
1562,Mumbai,2024-05-02,09:00,Assault,Karol Bagh,25.09219691,75.30547584,9,49,1,1,02:18
1563,Mumbai,2023-09-21,06:53,Assault,Saket,24.82752407,72.66445872,5,16,1,1,02:17
1564,Mumbai,2024-07-27,05:55,Burglary,Dwarka,22.53910733,73.73310674,,7,1,0,08:08
1568,Mumbai,2024-02-16,10:29,Assault,Colaba,20.53479459,72.19105047,4,37,1,1,15:10
1570,Mumbai,2024-01-18,05:58,Theft,Saket,25.88431333,75.66149387,3,8,1,1,17:58
1571,Mumbai,2023-02-26,15:30,Harassment,Saket,23.50058167,76.25015362,5,29,1,1,13:04
1572,Mumbai,2024-09-18,17:38,Burglary,Dadar,21.79423264,75.96231864,8,44,1,1,22:22
1573,Mumbai,2023-11-22,09:50,Burglary,Dadar,28.45701662,72.68576809,10,7,1,1,18:23
1574,Mumbai,2024-06-12,21:54,Harassment,Connaught Place,26.70207085,73.74647329,7,38,1,0,05:33
1575,Mumbai,2023-04-28,07:04,Assault,Bandra,25.025139,72.77715966,1,45,1,1,22:59
1578,Mumbai,2024-12-15,00:39,Harassment,Juhu,24.21311737,73.20916202,2,17,1,1,19:17
1579,Mumbai,2023-02-25,01:54,Harassment,Karol Bagh,21.13070322,74.04785544,7,16,0,1,14:20
1581,Mumbai,2024-11-26,00:19,Assault,Juhu,26.27434359,75.56495615,3,39,0,1,22:27
1582,Mumbai,2024-09-17,14:24,Theft,Dwarka,29.02381767,76.80693358,6,35,0,1,06:57
1584,Mumbai,2023-03-16,05:06,Theft,Colaba,21.285242,73.26031752,1,32,1,1,19:32
1585,Mumbai,2023-12-24,01:23,Harassment,Andheri,26.13621631,76.70350157,1,53,1,0,05:37
1586,Mumbai,2024-02-09,06:41,Fraud,Bandra,28.58305751,76.11523473,6,3,1,1,07:01
1590,Mumbai,2023-07-02,08:26,Fraud,Juhu,27.27063869,76.41418503,10,46,0,0,21:52
1591,Mumbai,2023-08-15,20:01,Fraud,Dadar,20.54071015,73.62001489,6,31,1,1,19:41
1593,Mumbai,2023-09-14,01:57,Fraud,Connaught Place,23.28504081,77.22982062,4,9,0,1,06:24
1594,Mumbai,2024-09-25,03:19,Fraud,Dadar,24.62425321,73.85319121,9,5,0,1,14:27
1595,Mumbai,2023-12-19,04:16,Fraud,Juhu,29.21983996,75.27785743,1,28,1,1,00:30
1596,Mumbai,2023-12-27,14:59,Theft,Connaught Place,28.61726216,76.21583678,5,15,1,1,09:46
1597,Mumbai,2023-02-13,06:07,Harassment,Colaba,20.47978042,77.99954896,7,49,1,1,20:06
1599,Mumbai,2024-10-23,21:50,Theft,Saket,22.93404605,74.56855726,2,42,1,1,18:13
1601,Mumbai,2024-05-15,15:11,Harassment,Dwarka,25.76248048,76.83301867,1,59,1,1,23:43
1603,Mumbai,2024-12-18,02:46,Burglary,Dwarka,29.58520696,74.77937782,3,18,1,1,10:00
1605,Mumbai,2023-04-07,18:44,Burglary,Colaba,28.21975122,75.6523829,1,49,0,1,07:36
1607,Mumbai,2023-12-21,08:01,Fraud,Karol Bagh,21.29159642,77.30266475,2,4,0,0,10:51
1609,Mumbai,2024-12-04,15:04,Fraud,Andheri,25.10590862,74.5701017,10,47,1,1,00:55
1612,Mumbai,2024-07-26,02:25,Assault,Lajpat Nagar,23.0514142,76.06798809,9,45,1,1,17:40
1613,Mumbai,2023-09-04,21:24,Theft,Saket,23.00430216,74.4434785,7,22,1,1,13:39
1615,Mumbai,2023-11-02,15:27,Fraud,Dadar,23.88339456,75.39231096,7,25,1,1,13:45
1619,Mumbai,2023-12-26,01:42,Burglary,Dwarka,25.29056658,74.76305496,2,28,1,1,09:43
1622,Mumbai,2024-02-20,09:46,Theft,Lajpat Nagar,29.39629258,73.7307501,10,11,1,1,15:20
1623,Mumbai,2023-12-21,15:12,Theft,Saket,21.35904052,73.49411977,4,22,1,0,02:51
1624,Mumbai,2024-04-17,08:01,Theft,Karol Bagh,19.81575016,77.6351846,5,54,0,1,05:05
1625,Mumbai,2024-12-22,21:17,Assault,Colaba,28.8059926,76.85547502,6,55,1,1,01:05
1630,Mumbai,2024-04-21,18:53,Fraud,Andheri,28.09643928,73.42224905,9,58,1,1,09:53
1633,Mumbai,2024-08-06,07:45,Assault,Karol Bagh,23.20601058,76.3746197,4,28,1,1,00:56
1640,Mumbai,2023-03-11,21:57,Fraud,Andheri,19.52764314,72.65774992,2,49,1,0,07:20
1641,Mumbai,2023-11-20,11:46,Harassment,Juhu,28.70253005,74.93936485,9,10,1,1,12:23
1644,Mumbai,2024-09-08,23:40,Fraud,Saket,20.53106583,76.90556728,7,9,1,1,08:41
1648,Mumbai,2023-04-22,14:22,Assault,Dwarka,20.09113983,72.33234438,4,36,0,1,10:02
1650,Mumbai,2024-04-25,21:48,Theft,Dadar,21.36524826,76.1101797,3,24,1,1,13:58
1652,Mumbai,2023-02-22,17:26,Assault,Lajpat Nagar,20.99658758,76.91607689,6,26,1,1,11:49
1653,Mumbai,2024-08-08,11:27,Fraud,Connaught Place,19.15379884,77.46651079,3,36,1,1,10:29
1655,Mumbai,2024-07-26,08:56,Burglary,Dwarka,28.62537984,73.83065514,10,13,0,0,08:35
1657,Mumbai,2024-01-17,11:41,Assault,Saket,21.0701998,77.4888909,10,11,0,1,23:22
1660,Mumbai,2024-11-07,21:10,Theft,Dwarka,29.49780547,72.05685079,7,46,0,1,10:04
1663,Mumbai,2023-11-03,20:09,Burglary,Juhu,23.83393046,76.56868549,1,14,1,1,23:35
1666,Mumbai,2023-04-18,23:10,Burglary,Saket,19.78327389,72.70743787,2,52,1,1,18:54
1667,Mumbai,2024-11-27,18:08,Harassment,Colaba,27.78556108,73.39190991,4,1,0,0,20:03
1670,Mumbai,2024-01-03,02:52,Harassment,Dwarka,19.75183209,76.09337561,9,32,0,1,10:49
1671,Mumbai,2023-01-06,13:56,Burglary,Dwarka,29.50608412,75.182778,10,15,1,1,05:54
1673,Mumbai,2023-05-14,17:02,Harassment,Dadar,28.71016284,73.71158197,7,37,1,0,15:37
1679,Mumbai,2023-12-28,07:43,Harassment,Dwarka,21.02805062,73.7921039,4,14,1,1,05:13
1680,Mumbai,2023-06-17,22:50,Assault,Colaba,23.87383526,72.71546947,8,19,0,1,19:25
1681,Mumbai,2023-05-26,10:31,Theft,Bandra,20.82323917,74.45445621,4,5,1,1,15:16
1682,Mumbai,2024-10-03,03:20,Harassment,Saket,29.80249085,72.17111096,8,35,0,1,21:55
1687,Mumbai,2024-09-10,12:14,Burglary,Juhu,26.28404474,75.53436092,10,58,1,1,07:42
1690,Mumbai,2023-02-02,22:48,Burglary,Saket,22.15933828,77.65897831,8,18,0,1,14:00
1691,Mumbai,2023-10-20,03:14,Fraud,Dwarka,29.3419367,72.59629667,8,2,0,1,01:35
1692,Mumbai,2024-09-18,20:41,Assault,Dwarka,27.38278819,77.12900491,8,52,1,1,08:48
1693,Mumbai,2023-05-07,14:09,Burglary,Dwarka,29.6976593,72.00185839,10,10,1,1,02:21
1696,Mumbai,2023-10-27,00:57,Harassment,Lajpat Nagar,21.14964845,76.54687219,,45,1,0,09:09
1700,Mumbai,2023-05-22,02:44,Assault,Colaba,21.54197814,72.42544753,9,7,0,1,10:14
1702,Mumbai,2023-12-19,12:19,Harassment,Colaba,28.76599926,72.42751611,4,23,1,1,10:04
1706,Mumbai,2023-04-11,00:01,Harassment,Dwarka,24.01309395,76.33820659,8,47,1,0,22:15
1708,Mumbai,2024-12-19,06:11,Assault,Bandra,25.97400844,73.30340085,7,12,1,1,19:18
1709,Mumbai,2023-10-19,21:04,Assault,Lajpat Nagar,23.00568101,76.55454577,7,11,1,0,13:04
1710,Mumbai,2024-06-14,02:16,Fraud,Andheri,28.37601884,76.70576823,5,48,0,1,09:08
1715,Mumbai,2024-08-15,19:19,Harassment,Karol Bagh,27.53767051,73.54249093,6,32,0,1,11:09
1716,Mumbai,2024-06-25,10:24,Fraud,Saket,24.35050009,76.50619777,8,3,0,1,00:25
1717,Mumbai,2024-08-18,11:13,Fraud,Connaught Place,21.47225042,74.03791107,3,28,1,0,07:13
1719,Mumbai,2023-05-28,19:37,Fraud,Dadar,20.81940995,74.42204195,6,57,0,1,13:04
1721,Mumbai,2024-12-21,19:37,Burglary,Juhu,21.51885904,77.50677376,9,12,1,1,19:31
1724,Mumbai,2023-10-19,15:20,Assault,Bandra,25.37571989,76.67523069,,3,1,0,04:33
1725,Mumbai,2024-10-07,11:01,Assault,Juhu,28.6487039,75.84582794,8,4,1,1,05:41
1726,Mumbai,2023-09-09,08:44,Theft,Andheri,28.54522129,72.36366214,6,30,1,1,12:57
1727,Mumbai,2024-11-25,15:55,Fraud,Lajpat Nagar,23.96183679,72.57398152,3,6,1,1,11:38
1729,Mumbai,2023-10-24,17:49,Burglary,Lajpat Nagar,23.69088186,74.74089796,10,30,1,1,06:44
1730,Mumbai,2024-03-15,03:27,Harassment,Colaba,25.66812891,76.95512061,4,8,1,1,16:02
1731,Mumbai,2023-07-12,22:37,Harassment,Juhu,25.13541235,73.87849902,10,18,0,1,09:06
1734,Mumbai,2024-03-06,15:01,Harassment,Bandra,26.11188609,77.02142067,3,6,1,0,02:51
1736,Mumbai,2024-06-02,15:48,Burglary,Dwarka,27.25576379,73.60082269,7,51,0,1,07:12
1741,Mumbai,2024-07-16,22:40,Fraud,Colaba,26.75537974,75.31074038,2,21,0,1,09:05
1742,Mumbai,2024-01-02,03:29,Harassment,Dadar,21.49557568,72.3840005,4,8,0,1,16:41
1743,Mumbai,2024-02-23,12:47,Theft,Lajpat Nagar,27.74815749,72.81736667,8,36,1,1,09:15
1745,Mumbai,2023-07-21,19:30,Harassment,Juhu,25.46317949,75.79189256,1,40,1,0,13:03
1746,Mumbai,2024-06-19,01:20,Fraud,Karol Bagh,22.8890374,75.69473879,4,21,1,1,21:11
1747,Mumbai,2023-09-09,09:35,Harassment,Dwarka,24.30696617,75.30459436,2,51,1,1,21:01
1751,Mumbai,2024-10-01,03:00,Burglary,Connaught Place,23.77066626,73.35876362,4,4,1,1,17:34
1752,Mumbai,2023-08-06,21:08,Burglary,Juhu,21.225005,77.38623136,3,10,1,0,01:46
1753,Mumbai,2023-02-17,18:55,Theft,Colaba,21.35327161,77.87815048,2,26,0,1,05:43
1756,Mumbai,2023-11-08,16:28,Harassment,Connaught Place,27.23809405,75.8564514,9,44,0,1,13:31
1761,Mumbai,2024-01-08,17:41,Fraud,Connaught Place,29.08676624,73.51701722,5,4,1,1,07:54
1766,Mumbai,2023-09-13,05:57,Assault,Saket,19.09696317,74.00667712,2,2,0,1,10:39
1767,Mumbai,2023-12-24,14:18,Fraud,Dadar,26.87740405,74.0492887,2,50,1,0,01:13
1774,Mumbai,2024-08-20,15:31,Theft,Lajpat Nagar,22.74964194,73.2627733,1,38,0,0,03:06
1776,Mumbai,2024-03-04,12:49,Burglary,Lajpat Nagar,22.83573092,77.28208918,5,57,1,1,12:39
1777,Mumbai,2023-04-17,23:51,Assault,Bandra,27.40011736,72.79072001,1,15,1,1,06:36
1779,Mumbai,2023-03-16,05:49,Harassment,Lajpat Nagar,22.86338722,74.96384993,1,10,1,1,06:15
1780,Mumbai,2023-09-17,12:02,Harassment,Dwarka,28.20963999,73.65846325,6,36,1,1,01:34
1781,Mumbai,2023-02-16,09:11,Harassment,Andheri,19.73476785,75.41236765,6,14,0,1,19:46
1782,Mumbai,2023-10-18,07:21,Fraud,Saket,29.36577858,74.70982011,1,2,0,1,04:12
1783,Mumbai,2023-11-21,21:37,Fraud,Dwarka,29.84948526,74.60975464,8,45,1,0,22:15
1784,Mumbai,2024-09-14,15:14,Fraud,Lajpat Nagar,19.97424991,72.67183782,4,48,0,1,06:41
1786,Mumbai,2024-04-26,22:58,Assault,Dadar,23.09640733,76.92647146,1,54,1,1,11:43
1787,Mumbai,2024-07-12,03:06,Burglary,Juhu,27.54030506,77.31529643,3,37,1,1,23:04
1788,Mumbai,2023-07-05,05:08,Theft,Connaught Place,25.55519493,73.4081012,7,51,1,1,09:41
1790,Mumbai,2023-02-10,19:36,Assault,Saket,27.33260805,72.32050003,10,35,1,1,10:47
1792,Mumbai,2023-12-24,15:23,Harassment,Connaught Place,28.16530403,76.29211928,5,20,1,0,00:09
1795,Mumbai,2024-11-07,16:57,Assault,Andheri,28.78708868,76.27775289,,59,1,1,04:51
1796,Mumbai,2024-07-12,22:23,Harassment,Dadar,26.70336989,77.61205369,6,49,1,1,13:00
1798,Mumbai,2024-05-28,03:26,Harassment,Connaught Place,23.72719919,73.15375034,6,43,0,1,09:45
1804,Mumbai,2024-12-13,08:56,Burglary,Bandra,24.5685414,73.63987415,7,8,1,0,13:10
1807,Mumbai,2023-02-07,16:58,Burglary,Colaba,28.3702049,73.54826336,6,20,1,1,17:15
1809,Mumbai,2023-03-13,04:07,Assault,Lajpat Nagar,21.5183657,76.38457381,,7,1,1,21:08
1810,Mumbai,2023-02-27,00:10,Harassment,Andheri,20.3378518,73.79448127,9,53,1,0,14:44
1811,Mumbai,2023-08-20,02:36,Harassment,Dwarka,22.99731727,74.71424506,1,13,1,1,18:29
1815,Mumbai,2024-07-20,11:35,Fraud,Dadar,25.32448843,77.40951376,2,8,1,1,13:36
1817,Mumbai,2023-03-21,02:50,Theft,Colaba,26.15966721,77.64855403,7,54,1,0,15:58
1819,Mumbai,2023-11-26,18:26,Theft,Dwarka,28.40068319,75.45875914,6,20,1,1,05:42
1823,Mumbai,2023-03-03,09:08,Assault,Lajpat Nagar,20.41694381,72.27286771,10,37,1,0,19:13
1824,Mumbai,2024-07-12,23:44,Burglary,Connaught Place,28.40845911,75.53520544,9,42,1,1,14:29
1827,Mumbai,2023-02-18,16:50,Burglary,Karol Bagh,29.31609928,72.89889772,3,58,0,1,05:34
1828,Mumbai,2024-12-27,00:07,Fraud,Connaught Place,19.58991229,74.66495443,3,52,1,1,08:33
1829,Mumbai,2024-06-27,16:42,Assault,Lajpat Nagar,24.51066232,73.06117927,9,37,1,1,17:38
1831,Mumbai,2023-08-13,16:00,Burglary,Dwarka,25.88444237,72.94767823,8,9,1,1,21:56
1833,Mumbai,2024-09-04,04:20,Fraud,Saket,22.08649238,73.38380787,9,3,1,0,09:53
1835,Mumbai,2024-02-26,15:51,Fraud,Karol Bagh,26.79601438,77.10543793,4,42,0,1,02:24
1836,Mumbai,2024-09-27,06:12,Harassment,Lajpat Nagar,20.47874191,74.75080566,2,7,1,1,21:46
1837,Mumbai,2024-12-15,21:30,Burglary,Dadar,27.95473597,72.14397567,5,2,1,1,10:39
1838,Mumbai,2024-10-16,15:30,Burglary,Andheri,25.6672056,74.96751751,2,25,0,1,18:04
1839,Mumbai,2023-06-25,06:06,Harassment,Andheri,29.44491181,72.50726001,4,40,1,0,23:45
1841,Mumbai,2023-08-04,17:40,Assault,Bandra,20.18960537,75.52866942,5,30,1,1,08:20
1842,Mumbai,2024-02-13,20:34,Fraud,Juhu,24.57151321,73.53919571,6,54,0,1,12:42
1843,Mumbai,2023-11-23,02:09,Fraud,Connaught Place,19.94391849,75.38230608,1,30,0,1,09:19
1845,Mumbai,2024-09-18,16:09,Burglary,Andheri,19.42553454,76.79934783,2,41,1,1,10:09
1847,Mumbai,2024-04-10,16:04,Burglary,Lajpat Nagar,24.77612638,77.24666633,8,51,0,1,18:00
1848,Mumbai,2023-07-22,18:10,Theft,Saket,23.05482718,74.05054561,5,52,1,1,00:16
1850,Mumbai,2023-08-11,13:53,Assault,Lajpat Nagar,25.84383617,72.21052567,6,17,0,1,05:19
1853,Mumbai,2023-08-24,08:26,Burglary,Saket,29.01243872,74.75607823,8,1,0,1,12:31
1855,Mumbai,2023-05-07,13:02,Harassment,Lajpat Nagar,23.94697952,73.00727341,10,13,1,1,10:16
1856,Mumbai,2023-04-27,10:49,Assault,Dwarka,24.98138702,72.0579976,10,38,1,1,15:56
1861,Mumbai,2023-08-12,14:38,Burglary,Karol Bagh,23.26020291,73.88454273,10,54,1,0,21:22
1862,Mumbai,2024-08-19,07:47,Burglary,Juhu,25.60222802,73.08289805,7,53,1,0,01:07
1864,Mumbai,2024-07-08,19:50,Theft,Lajpat Nagar,26.63996171,73.22670796,2,14,1,1,12:28
1865,Mumbai,2023-01-17,16:56,Harassment,Karol Bagh,19.61032336,76.12563061,2,16,1,1,01:47
1866,Mumbai,2024-08-18,13:41,Harassment,Connaught Place,22.12994671,74.09558944,5,4,1,1,19:43
1867,Mumbai,2023-09-12,20:10,Burglary,Karol Bagh,28.01153635,75.07096656,7,31,0,0,07:27
1870,Mumbai,2024-06-23,15:49,Theft,Lajpat Nagar,20.01085701,75.00158704,9,59,0,1,01:47
1874,Mumbai,2024-03-18,17:05,Fraud,Andheri,20.68175827,74.38608681,10,50,1,0,22:19
1875,Mumbai,2024-04-09,22:57,Burglary,Lajpat Nagar,19.72785594,76.08159377,4,44,1,1,21:04
1876,Mumbai,2024-10-11,04:49,Harassment,Colaba,21.37532024,77.34487137,,11,1,1,14:30
1878,Mumbai,2024-04-14,11:17,Assault,Andheri,22.43646487,72.42923293,3,7,0,0,20:31
1879,Mumbai,2024-06-28,12:17,Burglary,Bandra,24.65821571,73.95030914,3,14,1,1,07:17
1881,Mumbai,2023-10-05,10:19,Burglary,Dwarka,27.68854918,73.58958532,9,24,1,1,13:02
1882,Mumbai,2023-02-24,17:38,Assault,Connaught Place,26.21863883,73.32761999,4,3,0,1,21:15
1886,Mumbai,2024-01-06,15:24,Assault,Karol Bagh,23.55972912,72.86513678,3,1,1,1,00:47
1887,Mumbai,2024-08-05,22:37,Burglary,Karol Bagh,28.26382633,73.22642265,7,38,1,1,15:37
1888,Mumbai,2024-08-10,22:35,Harassment,Bandra,21.53000498,73.47759434,9,26,1,1,19:08
1891,Mumbai,2023-01-07,18:08,Theft,Karol Bagh,21.22708402,76.73819658,6,42,0,1,08:22
1892,Mumbai,2024-08-27,15:21,Fraud,Karol Bagh,28.7912665,72.62854956,6,12,0,1,15:20
1897,Mumbai,2024-02-12,02:16,Harassment,Lajpat Nagar,25.70144929,76.93309743,2,35,0,1,22:58
1899,Mumbai,2023-05-12,08:55,Assault,Juhu,26.88477488,77.3399849,6,9,0,1,06:55
1900,Mumbai,2024-11-17,09:38,Assault,Karol Bagh,25.54407623,77.56879312,8,23,0,1,04:48
1901,Mumbai,2024-12-15,16:14,Assault,Juhu,22.57306521,73.42873243,10,30,1,1,17:48
1906,Mumbai,2024-02-03,09:12,Theft,Dwarka,23.62319286,77.16884887,9,9,0,1,21:03
1909,Mumbai,2024-12-09,08:16,Burglary,Andheri,28.49985301,72.23479353,2,54,1,1,16:04
1911,Mumbai,2024-12-19,21:42,Assault,Colaba,21.29777782,77.3301821,4,5,1,1,23:29
1912,Mumbai,2024-07-06,06:49,Burglary,Karol Bagh,27.52660686,72.15328441,2,19,1,0,03:44
1913,Mumbai,2023-01-05,19:56,Theft,Lajpat Nagar,23.76388224,74.43796484,10,46,1,1,10:23
1914,Mumbai,2023-11-09,04:51,Theft,Karol Bagh,21.11246193,72.18839778,9,18,1,1,13:43
1915,Mumbai,2023-04-06,22:18,Harassment,Lajpat Nagar,28.94867877,74.22554055,5,57,1,1,13:05
1916,Mumbai,2024-02-04,06:43,Burglary,Connaught Place,21.17914614,73.03584384,7,29,1,1,13:26
1917,Mumbai,2023-08-18,21:23,Theft,Dadar,19.28387885,73.51331036,9,19,1,1,17:37
1918,Mumbai,2023-01-25,22:34,Burglary,Bandra,19.22307971,77.26559024,5,6,1,1,09:02
1923,Mumbai,2023-12-10,03:46,Burglary,Dwarka,22.73443307,73.55634964,1,5,1,0,13:40
1925,Mumbai,2023-09-27,09:40,Harassment,Dadar,19.6394717,73.42513825,10,8,1,0,18:56
1929,Mumbai,2024-09-15,10:11,Harassment,Connaught Place,20.88674963,77.68946721,8,58,0,1,02:14
1931,Mumbai,2023-10-20,15:23,Fraud,Connaught Place,21.45753799,74.00799006,3,38,1,1,10:26
1932,Mumbai,2024-11-24,07:25,Harassment,Colaba,19.88931482,73.91729438,6,37,1,1,06:11
1936,Mumbai,2024-06-14,17:21,Harassment,Lajpat Nagar,26.72635757,74.90655283,6,16,1,1,04:23
1938,Mumbai,2023-01-17,19:04,Assault,Saket,28.38251725,72.35726483,6,46,1,1,12:04
1939,Mumbai,2023-06-10,08:07,Theft,Colaba,22.46561566,75.33304411,2,23,0,0,18:08
1942,Mumbai,2023-07-26,00:04,Burglary,Karol Bagh,22.89296409,73.59183822,1,3,1,1,13:57
1943,Mumbai,2024-10-08,06:51,Burglary,Colaba,28.80600571,76.00528963,1,12,1,1,18:28
1944,Mumbai,2023-09-12,08:59,Theft,Andheri,20.82465717,74.16893058,9,23,0,0,23:57
1946,Mumbai,2024-07-08,17:37,Assault,Andheri,25.34600489,74.92539218,5,11,1,1,22:56
1948,Mumbai,2024-07-08,18:26,Assault,Saket,21.1408118,76.31326788,7,52,1,1,15:35
1949,Mumbai,2024-02-14,06:17,Theft,Dwarka,23.29789186,77.30325667,2,47,1,1,09:33
1951,Mumbai,2024-05-21,20:31,Theft,Connaught Place,21.71279165,77.60169912,9,57,1,1,16:40
1954,Mumbai,2024-02-21,12:20,Fraud,Lajpat Nagar,23.92941569,77.1337474,10,57,0,1,02:36
1957,Mumbai,2024-04-11,11:48,Assault,Juhu,24.03717038,73.06571892,4,16,0,1,11:10
1961,Mumbai,2024-12-01,17:17,Assault,Lajpat Nagar,28.66567342,77.35455707,5,11,1,1,12:36
1963,Mumbai,2023-08-07,03:59,Theft,Karol Bagh,22.29874314,75.15293538,3,53,0,1,11:52
1964,Mumbai,2024-07-10,23:43,Assault,Bandra,21.35222778,73.98835853,9,25,1,1,18:46
1968,Mumbai,2024-02-18,01:00,Assault,Dwarka,26.46232461,75.1918908,9,50,1,0,03:08
1974,Mumbai,2023-04-15,19:38,Burglary,Dwarka,22.95389529,72.0455485,9,35,0,1,06:06
1975,Mumbai,2023-09-22,18:48,Assault,Karol Bagh,29.19378255,75.4360235,8,6,1,0,19:05
1980,Mumbai,2024-04-12,18:20,Harassment,Karol Bagh,20.51688704,72.00198096,6,1,1,0,20:01
1982,Mumbai,2023-04-21,12:13,Theft,Juhu,22.46264186,72.17576223,9,35,1,1,21:22
1983,Mumbai,2024-06-01,17:39,Assault,Karol Bagh,19.57583643,77.84719532,4,27,1,1,07:51
1985,Mumbai,2023-07-26,02:36,Burglary,Connaught Place,26.05639406,74.83598838,9,50,1,1,13:50
1986,Mumbai,2023-01-02,23:39,Fraud,Juhu,28.64610825,72.36682578,3,2,0,0,04:11
1987,Mumbai,2024-12-20,08:51,Burglary,Dadar,26.43661606,75.1322905,6,36,1,1,06:00
1988,Mumbai,2023-06-25,15:07,Burglary,Dwarka,22.92682061,74.27973675,5,1,1,1,13:12
1991,Mumbai,2024-11-02,07:29,Assault,Juhu,29.56277558,74.34861612,9,57,0,1,20:47
1997,Mumbai,2023-01-23,09:27,Burglary,Saket,23.37666446,77.96020501,6,13,1,0,19:33
2002,Mumbai,2024-04-19,03:54,Theft,Dadar,24.3292009,74.64689295,5,1,0,1,22:02
2003,Mumbai,2023-09-12,02:26,Theft,Andheri,24.06359683,76.85411125,7,49,0,0,06:54
2004,Mumbai,2024-12-15,22:28,Fraud,Colaba,25.23113267,75.03201193,7,20,0,1,23:10
2005,Mumbai,2024-10-28,14:09,Burglary,Bandra,20.64323001,76.2161942,9,8,1,1,15:13
2007,Mumbai,2023-08-10,12:54,Assault,Karol Bagh,28.14239938,73.52081485,6,49,1,1,04:19
2013,Mumbai,2024-12-03,13:50,Burglary,Karol Bagh,27.78649012,76.50187463,10,25,0,1,10:08
2014,Mumbai,2024-04-17,16:21,Fraud,Colaba,29.39708737,75.28819843,7,25,1,1,21:46
2015,Mumbai,2024-09-05,10:01,Harassment,Karol Bagh,25.69355074,74.29123051,4,50,0,1,07:50
2016,Mumbai,2024-06-14,15:32,Burglary,Dadar,21.80089553,76.85925849,1,14,1,1,10:53
2018,Mumbai,2023-01-27,14:38,Fraud,Connaught Place,27.52847329,74.34337261,,27,1,0,03:35
2020,Mumbai,2023-04-04,04:45,Burglary,Dwarka,26.65204237,77.37267188,10,32,1,1,04:00
2023,Mumbai,2024-11-16,12:10,Burglary,Lajpat Nagar,23.05211958,74.15976915,9,50,0,1,21:53
2026,Mumbai,2023-01-07,11:25,Fraud,Andheri,23.25057118,72.91023969,9,48,0,0,23:37
2028,Mumbai,2023-06-18,22:18,Burglary,Lajpat Nagar,20.83522058,76.58659717,10,3,1,0,21:26
2029,Mumbai,2024-06-26,07:24,Harassment,Saket,19.25394029,76.545503,5,25,1,1,04:42
2030,Mumbai,2023-10-09,19:56,Harassment,Dadar,20.4671936,75.15379149,5,55,1,1,02:35
2034,Mumbai,2023-09-13,20:44,Theft,Saket,22.80999853,76.57087858,2,39,1,1,03:06
2036,Mumbai,2023-10-21,22:51,Harassment,Dwarka,29.30859463,77.98035841,4,57,0,1,05:32
2037,Mumbai,2023-09-24,00:24,Fraud,Saket,20.83745959,74.60701616,8,59,1,1,02:29
2039,Mumbai,2024-11-15,11:24,Burglary,Bandra,27.30476606,74.17570171,4,43,1,1,19:01
2045,Mumbai,2024-12-11,11:14,Assault,Juhu,19.54039583,72.44393331,6,42,0,1,19:19
2046,Mumbai,2023-10-18,08:23,Fraud,Dwarka,22.68217885,73.21973733,9,49,1,1,15:11
2047,Mumbai,2023-07-25,08:30,Fraud,Juhu,24.6021789,72.55739829,3,6,0,1,16:04
2051,Mumbai,2023-09-05,16:38,Theft,Colaba,23.05089069,77.78811334,2,32,1,1,16:17
2053,Mumbai,2023-04-28,06:54,Burglary,Bandra,22.30249823,77.25560355,8,18,1,1,06:12
2054,Mumbai,2024-01-25,01:24,Harassment,Juhu,24.84220365,73.05640222,6,23,1,1,21:31
2057,Mumbai,2024-06-05,22:58,Assault,Dwarka,20.44455575,76.67081004,6,27,0,1,21:42
2059,Mumbai,2023-04-09,19:44,Burglary,Bandra,29.95759766,75.34017402,,2,1,1,00:53
2062,Mumbai,2023-12-11,16:59,Assault,Juhu,25.79841277,77.94435033,5,38,0,0,11:40
2064,Mumbai,2023-10-21,04:18,Theft,Dwarka,23.31232488,77.02163615,8,28,1,0,21:47
2066,Mumbai,2024-02-25,13:17,Assault,Saket,25.16004388,77.22608572,6,51,1,1,06:09
2067,Mumbai,2023-06-12,05:14,Fraud,Karol Bagh,23.95429084,75.87294323,7,21,0,0,22:16
2069,Mumbai,2023-04-24,05:33,Fraud,Connaught Place,29.48084233,73.68803152,7,11,0,1,04:54
2073,Mumbai,2023-06-17,20:50,Burglary,Andheri,24.17599153,77.27824789,4,40,0,0,03:37
2074,Mumbai,2023-03-02,23:11,Harassment,Bandra,22.45969329,77.87881898,3,4,1,1,20:21
2077,Mumbai,2024-07-05,05:15,Burglary,Juhu,27.04479605,74.83162757,5,16,1,1,01:23
2080,Mumbai,2023-09-13,22:04,Fraud,Lajpat Nagar,28.62488445,72.26863424,,35,1,1,01:29
2082,Mumbai,2024-12-05,03:17,Theft,Karol Bagh,22.98396633,72.10380074,,56,1,1,22:54
2084,Mumbai,2023-08-13,03:49,Harassment,Saket,20.14483552,73.96987364,7,24,1,1,04:18
2087,Mumbai,2024-07-11,05:09,Fraud,Juhu,22.2151919,72.2786929,4,57,0,1,02:32
2089,Mumbai,2024-07-12,05:15,Fraud,Juhu,26.05781999,74.38776226,4,29,1,1,23:38
2091,Mumbai,2024-10-21,05:49,Burglary,Dadar,19.33437156,74.02740855,,48,1,1,16:32
2092,Mumbai,2023-05-06,08:32,Theft,Dwarka,23.76984846,77.98904843,9,58,1,1,05:58
2093,Mumbai,2024-10-27,00:32,Burglary,Colaba,25.26463056,76.95248663,7,25,1,0,00:58
2094,Mumbai,2024-10-05,16:57,Burglary,Dadar,28.64265806,77.30341089,2,39,1,1,22:04
2097,Mumbai,2024-03-25,01:30,Harassment,Lajpat Nagar,27.29183832,73.78246175,6,47,1,0,14:28
2098,Mumbai,2023-02-24,04:54,Harassment,Dadar,23.832336,73.40437496,8,42,1,0,15:26
2099,Mumbai,2023-04-20,04:15,Burglary,Colaba,27.20690372,76.98070147,8,35,1,1,08:36
2104,Mumbai,2023-12-18,05:45,Harassment,Juhu,26.94707441,75.16884034,9,5,1,1,13:53
2105,Mumbai,2023-04-18,03:45,Fraud,Bandra,28.19089051,77.33236637,,48,1,1,11:08
2106,Mumbai,2024-09-16,07:10,Burglary,Juhu,23.39055827,74.2833968,,13,0,1,16:57
2110,Mumbai,2023-05-07,00:18,Harassment,Bandra,22.16964438,77.58152592,3,55,0,0,18:41
2111,Mumbai,2024-01-15,14:33,Burglary,Saket,22.56373717,77.44545422,9,27,1,1,10:42
2113,Mumbai,2024-11-28,12:35,Assault,Dadar,25.19517902,73.23422577,1,27,0,1,18:42
2116,Mumbai,2023-07-17,16:29,Harassment,Connaught Place,28.89981605,75.84534999,2,25,1,1,09:35
2118,Mumbai,2023-03-07,11:50,Harassment,Lajpat Nagar,29.84571749,72.67442827,6,22,1,0,09:12
2120,Mumbai,2023-01-08,22:53,Burglary,Juhu,29.36171875,73.15446623,4,15,0,1,23:52
2121,Mumbai,2024-06-16,23:25,Theft,Karol Bagh,21.37807431,77.36464559,4,26,0,1,08:47
2122,Mumbai,2024-12-06,08:33,Assault,Dwarka,27.48633362,77.78748111,9,18,1,0,10:29
2125,Mumbai,2024-04-17,15:08,Harassment,Saket,24.16210506,76.711768,8,4,1,1,12:04
2126,Mumbai,2024-01-21,01:13,Harassment,Bandra,22.81436079,76.1828481,10,48,1,0,23:56
2130,Mumbai,2024-11-05,19:57,Burglary,Colaba,25.70455635,75.34712309,3,6,1,1,20:21
2133,Mumbai,2023-07-10,11:01,Assault,Connaught Place,28.15244813,75.50703622,5,51,1,1,01:45
2137,Mumbai,2023-03-10,13:49,Fraud,Dadar,26.28994666,73.51624716,3,9,1,1,11:46
2138,Mumbai,2023-07-25,20:48,Fraud,Karol Bagh,26.39315574,73.1871279,7,7,0,1,12:47
2139,Mumbai,2023-11-19,04:28,Fraud,Dwarka,21.77414678,75.25225191,,29,0,1,14:32
2140,Mumbai,2023-06-03,18:50,Theft,Saket,22.5722567,75.61002013,4,14,1,1,06:09
2141,Mumbai,2023-03-11,23:08,Fraud,Dwarka,28.18278342,75.65143035,10,51,1,1,06:36
2142,Mumbai,2023-12-01,20:50,Theft,Bandra,27.3798578,74.32908601,5,20,1,1,22:41
2143,Mumbai,2024-07-14,09:25,Fraud,Bandra,22.62005468,74.5273784,8,48,1,1,23:50
2146,Mumbai,2023-02-05,07:57,Burglary,Connaught Place,21.29620471,77.92663999,7,59,1,1,06:24
2149,Mumbai,2023-10-08,14:45,Assault,Dwarka,28.2766559,72.30217799,8,36,1,1,09:05
2155,Mumbai,2024-08-16,20:59,Burglary,Dwarka,25.60240472,75.45222039,9,25,1,1,07:26
2156,Mumbai,2023-03-07,03:18,Harassment,Karol Bagh,29.7466816,74.70430791,3,31,1,1,01:45
2157,Mumbai,2023-01-14,11:03,Theft,Juhu,26.06342062,75.38290488,3,56,1,1,16:31
2159,Mumbai,2023-12-22,12:56,Theft,Juhu,26.96183054,77.13689744,7,26,0,1,14:08
2164,Mumbai,2024-01-20,16:35,Harassment,Connaught Place,29.89210968,76.10258895,5,34,1,1,06:35
2165,Mumbai,2024-12-11,15:02,Burglary,Bandra,19.99728297,73.87339104,9,12,1,1,17:06
2167,Mumbai,2023-09-04,11:21,Harassment,Dwarka,22.11737464,76.02607485,4,59,1,1,00:48
2169,Mumbai,2023-04-17,16:10,Fraud,Bandra,25.68385933,75.3564127,2,5,1,1,13:25
2170,Mumbai,2024-12-02,00:06,Fraud,Saket,20.68802515,72.27465804,3,44,1,1,15:27
2172,Mumbai,2023-04-10,22:35,Harassment,Dwarka,25.83792536,75.76762496,6,44,1,1,05:01
2174,Mumbai,2024-08-06,00:32,Harassment,Lajpat Nagar,21.91698963,75.22413843,5,1,1,1,14:14
2177,Mumbai,2023-08-27,00:28,Assault,Dwarka,24.36866172,75.79041706,6,32,1,1,07:57
2178,Mumbai,2024-02-24,12:21,Theft,Saket,29.35254369,76.58789767,2,44,1,0,12:23
2180,Mumbai,2023-07-14,11:39,Theft,Juhu,23.28588619,76.62066991,8,33,1,1,00:29
2181,Mumbai,2024-08-01,10:18,Assault,Karol Bagh,25.67103553,73.35769576,1,31,1,1,20:06
2184,Mumbai,2024-06-23,03:56,Assault,Bandra,29.07020286,72.45357525,2,2,1,1,11:25
2188,Mumbai,2023-09-23,21:49,Assault,Connaught Place,23.22151323,74.02866552,1,33,0,1,06:37
2189,Mumbai,2024-12-26,17:46,Harassment,Dadar,20.55703736,77.80652594,4,39,1,1,13:31
2191,Mumbai,2024-01-25,16:04,Theft,Lajpat Nagar,26.27243646,74.9864809,8,56,1,0,10:16
2193,Mumbai,2023-03-28,12:21,Burglary,Andheri,28.20253157,73.95614071,2,29,1,1,14:12
2196,Mumbai,2024-12-25,23:40,Assault,Connaught Place,26.34727109,76.29997451,10,52,1,1,08:46
2198,Mumbai,2023-02-05,04:48,Theft,Juhu,23.85416583,76.82735229,8,17,1,0,18:47
2199,Mumbai,2023-01-20,06:05,Burglary,Karol Bagh,19.72190795,77.16010052,5,22,0,1,10:17
2202,Mumbai,2023-10-16,07:02,Burglary,Connaught Place,29.06693971,75.10229013,4,22,1,1,17:31
2208,Mumbai,2023-01-06,04:27,Fraud,Colaba,23.84158627,76.93574957,2,32,1,1,17:07
2209,Mumbai,2023-01-21,17:36,Harassment,Andheri,27.75570568,72.91177516,5,19,1,1,01:54
2213,Mumbai,2023-02-14,01:16,Harassment,Andheri,21.05420913,76.28697692,1,28,0,1,05:27
2215,Mumbai,2024-10-22,02:14,Harassment,Connaught Place,24.82013594,72.65284434,3,52,1,1,10:17
2216,Mumbai,2023-08-24,14:58,Theft,Dwarka,28.63823698,77.59278044,8,27,1,1,15:49
2217,Mumbai,2024-01-03,05:59,Assault,Bandra,24.08743701,74.71388505,3,14,0,1,16:57
2219,Mumbai,2024-02-25,03:05,Burglary,Lajpat Nagar,21.54062983,75.00612343,2,57,1,0,01:36
2221,Mumbai,2024-08-05,10:39,Harassment,Bandra,20.8811194,73.81664155,10,2,1,1,01:19
2223,Mumbai,2024-06-17,15:16,Harassment,Connaught Place,21.05890426,75.25542122,5,1,1,1,02:49
2225,Mumbai,2023-10-02,17:56,Fraud,Colaba,24.21809904,74.34067928,2,32,0,1,03:53
2230,Mumbai,2024-03-20,21:53,Harassment,Andheri,26.89654636,74.4705873,9,18,1,1,02:58
2231,Mumbai,2024-09-24,22:37,Assault,Saket,28.86742368,72.58135297,4,52,0,0,18:42
2233,Mumbai,2023-10-08,08:51,Burglary,Saket,22.6135996,72.30985078,2,47,1,1,01:28
2236,Mumbai,2023-12-28,00:27,Assault,Juhu,23.14519117,72.52470094,2,5,0,1,08:25
2239,Mumbai,2024-09-26,09:31,Theft,Dadar,22.00389595,74.63515299,4,54,1,0,20:19
2244,Mumbai,2024-01-04,04:35,Burglary,Karol Bagh,28.84401707,76.69316422,10,5,1,1,18:40
2245,Mumbai,2024-06-13,07:54,Harassment,Lajpat Nagar,26.41619312,77.73487046,4,21,1,0,01:35
2246,Mumbai,2023-03-07,07:56,Fraud,Juhu,21.24913392,75.48138772,8,30,1,0,19:17
2249,Mumbai,2023-11-05,03:44,Theft,Dwarka,20.64883725,74.28916617,8,29,0,0,16:20
2254,Mumbai,2024-09-18,10:19,Burglary,Juhu,22.30033529,73.0298101,4,27,1,1,06:00
2255,Mumbai,2023-04-19,02:15,Harassment,Bandra,22.09818311,73.27175454,9,34,1,1,11:18
2256,Mumbai,2024-06-03,05:39,Theft,Bandra,25.64663461,75.19220812,2,45,0,0,04:59
2258,Mumbai,2023-06-13,21:04,Burglary,Juhu,27.37484622,75.80997042,1,33,0,0,20:16
2259,Mumbai,2023-10-20,10:59,Fraud,Lajpat Nagar,21.887329,73.74991911,3,4,1,1,20:50
2262,Mumbai,2024-12-02,13:09,Fraud,Lajpat Nagar,19.09059866,74.78272473,1,28,0,1,02:06
2263,Mumbai,2024-07-03,13:30,Assault,Lajpat Nagar,28.67692586,73.08486381,5,44,1,1,02:57
2264,Mumbai,2024-04-12,00:21,Burglary,Dadar,21.19701371,75.88064977,,57,0,1,18:41
2265,Mumbai,2024-05-07,11:07,Fraud,Karol Bagh,29.42012755,77.95672211,7,58,1,1,01:12
2267,Mumbai,2024-01-25,15:56,Assault,Lajpat Nagar,23.84386951,72.21464814,5,26,1,1,09:55
2268,Mumbai,2023-02-15,15:59,Harassment,Dadar,26.77832675,72.10376385,8,56,1,1,23:00
2270,Mumbai,2023-04-11,06:25,Assault,Karol Bagh,22.49733263,73.17470284,3,13,0,1,05:42
2274,Mumbai,2023-04-24,05:21,Theft,Karol Bagh,19.12319236,73.95386866,5,23,1,0,18:28
2275,Mumbai,2023-08-13,05:38,Burglary,Lajpat Nagar,24.03873633,73.41748181,3,10,1,0,19:39
2277,Mumbai,2023-11-28,12:54,Assault,Connaught Place,26.30778721,75.01589601,8,30,1,1,18:02
2278,Mumbai,2023-06-15,02:06,Harassment,Connaught Place,21.35457702,75.93682226,6,22,1,1,23:43
2281,Mumbai,2024-11-07,04:34,Assault,Karol Bagh,25.03331944,74.31513226,7,44,1,1,17:34
2283,Mumbai,2024-05-18,02:59,Theft,Dwarka,19.25417538,75.80688044,5,9,1,1,21:26
2284,Mumbai,2024-08-22,22:41,Assault,Bandra,19.56244802,75.54637247,,43,1,1,14:24
2285,Mumbai,2023-05-05,04:03,Fraud,Karol Bagh,29.49684286,73.76116773,9,4,1,1,13:02
2286,Mumbai,2023-05-04,00:30,Assault,Juhu,20.5651484,72.8960907,8,42,1,1,20:24
2291,Mumbai,2024-10-08,22:22,Fraud,Dadar,24.11358023,72.21710879,1,26,1,0,06:49
2292,Mumbai,2023-02-10,21:36,Harassment,Bandra,29.4673834,73.46196608,1,18,0,1,09:01
2294,Mumbai,2023-03-01,05:57,Burglary,Dwarka,27.57569507,75.01376645,10,23,1,1,18:39
2295,Mumbai,2024-11-02,09:21,Harassment,Dwarka,25.62312013,74.57820484,7,46,1,0,15:35
2296,Mumbai,2023-07-02,03:02,Theft,Saket,24.00456349,76.37422574,9,36,1,1,06:34
2300,Mumbai,2024-06-27,06:50,Fraud,Lajpat Nagar,25.3697978,77.46406644,9,52,1,1,06:01
2307,Mumbai,2023-03-28,19:18,Assault,Colaba,28.20616763,76.24106614,10,49,1,1,19:55
2308,Mumbai,2024-06-13,04:04,Fraud,Colaba,19.30395016,77.62480313,7,8,1,0,21:52
2311,Mumbai,2024-01-03,20:49,Harassment,Connaught Place,28.75220524,76.47875856,1,8,1,1,12:48
2312,Mumbai,2024-02-12,22:32,Assault,Connaught Place,27.02749901,77.56568541,,58,1,0,12:15
2317,Mumbai,2024-12-26,10:42,Fraud,Karol Bagh,28.45100419,75.25807506,4,27,1,1,02:35
2322,Mumbai,2023-09-06,09:41,Burglary,Lajpat Nagar,28.58778531,76.48184763,7,22,0,1,13:03
2323,Mumbai,2024-07-03,22:52,Burglary,Bandra,22.99441582,74.070124,1,18,0,1,10:28
2324,Mumbai,2024-04-27,12:26,Harassment,Lajpat Nagar,29.46763919,75.13373684,4,4,1,1,14:25
2327,Mumbai,2023-03-22,10:13,Fraud,Karol Bagh,20.95042379,75.37469365,8,15,0,1,04:45
2330,Mumbai,2024-06-18,04:02,Theft,Connaught Place,19.04811381,76.53299441,2,21,1,1,04:48
2331,Mumbai,2023-08-06,02:03,Burglary,Karol Bagh,22.01259002,72.05703721,3,48,0,1,01:55
2332,Mumbai,2024-07-03,18:56,Fraud,Dadar,25.57391893,77.75405066,2,46,1,1,07:03
2333,Mumbai,2023-11-27,03:09,Fraud,Andheri,27.79192563,75.09153218,9,46,1,1,04:33
2336,Mumbai,2023-10-25,23:04,Theft,Karol Bagh,29.14301919,75.50117729,3,54,1,0,01:22
2338,Mumbai,2023-08-18,10:44,Fraud,Dadar,25.48757561,77.06089496,7,4,1,0,05:15
2339,Mumbai,2024-07-20,10:37,Burglary,Karol Bagh,27.46105469,74.16733641,5,11,1,1,21:53
2341,Mumbai,2024-05-19,15:27,Assault,Karol Bagh,27.34301322,77.14531876,7,57,1,1,13:00
2346,Mumbai,2024-01-12,09:59,Burglary,Lajpat Nagar,29.79514815,73.52615723,7,28,0,1,20:10
2348,Mumbai,2024-02-28,15:41,Theft,Connaught Place,29.13900163,72.34029083,2,48,1,1,19:30
2349,Mumbai,2024-01-08,01:23,Burglary,Dwarka,29.26258803,75.52855675,2,25,1,1,21:59
2350,Mumbai,2024-12-19,05:25,Assault,Dwarka,21.66038242,76.53776954,6,3,0,1,05:24
2351,Mumbai,2024-11-11,06:22,Theft,Andheri,27.780433,74.47987537,8,26,1,1,10:21
2354,Mumbai,2023-08-05,08:24,Harassment,Karol Bagh,23.951367,73.21164519,1,29,0,1,12:18
2355,Mumbai,2023-09-13,05:52,Fraud,Bandra,27.18734089,72.92805182,10,45,1,1,18:53
2357,Mumbai,2024-11-05,21:25,Theft,Saket,21.50580831,75.17553325,4,44,1,1,08:44
2359,Mumbai,2023-03-24,10:28,Fraud,Connaught Place,23.67974314,72.43938903,1,46,1,1,22:47
2361,Mumbai,2023-02-05,10:47,Burglary,Saket,25.65578634,75.15899116,2,42,1,1,07:28
2362,Mumbai,2024-08-26,22:27,Assault,Saket,26.57492219,75.09739859,2,9,1,1,11:48
2364,Mumbai,2024-09-14,18:55,Burglary,Juhu,24.29578881,73.23323082,1,56,1,1,14:46
2365,Mumbai,2024-07-12,22:11,Theft,Bandra,19.48834791,72.24463965,9,3,1,1,09:51
2367,Mumbai,2023-10-16,05:16,Harassment,Andheri,29.88881378,74.07094478,6,6,0,0,16:34
2370,Mumbai,2024-01-02,10:09,Burglary,Juhu,20.86771904,73.85596065,5,21,0,1,23:26
2371,Mumbai,2024-12-12,01:56,Burglary,Colaba,26.17779566,75.70103026,4,19,0,1,20:53
2372,Mumbai,2023-10-16,04:15,Theft,Juhu,25.7328725,73.03551476,4,25,0,1,19:36
2373,Mumbai,2023-03-24,16:38,Burglary,Dwarka,27.66651192,74.47832609,10,39,0,0,01:45
2374,Mumbai,2024-08-17,15:17,Theft,Saket,21.79272412,74.89485267,1,4,1,1,03:52
2375,Mumbai,2023-09-20,06:46,Assault,Lajpat Nagar,27.39995107,74.75542435,6,22,1,1,16:23
2376,Mumbai,2023-04-16,05:26,Harassment,Lajpat Nagar,26.56782424,77.8436446,10,5,1,1,03:48
2378,Mumbai,2024-10-02,00:40,Fraud,Connaught Place,25.00036963,77.70580912,7,50,1,1,03:20
2380,Mumbai,2023-08-15,10:51,Fraud,Lajpat Nagar,23.97820954,76.77436629,8,9,1,1,15:57
2381,Mumbai,2024-10-24,19:23,Theft,Juhu,28.69317074,74.58235571,7,9,0,0,07:50
2383,Mumbai,2024-05-06,03:30,Assault,Andheri,28.23523377,77.27595899,8,24,1,0,11:04
2384,Mumbai,2023-12-20,16:12,Assault,Dadar,25.49278702,77.37560698,3,10,1,1,10:29
2386,Mumbai,2024-01-21,10:43,Assault,Saket,25.39216869,73.19545127,3,17,1,1,23:26
2387,Mumbai,2024-10-06,21:54,Fraud,Lajpat Nagar,24.56581662,74.97741104,4,13,1,1,15:02
2388,Mumbai,2023-11-10,23:47,Assault,Karol Bagh,23.38505469,77.40166216,10,29,1,1,20:23
2390,Mumbai,2023-03-17,16:25,Fraud,Dadar,23.5837953,75.91208769,8,23,0,1,13:48
2391,Mumbai,2023-05-09,16:37,Assault,Juhu,19.80038614,76.24891013,3,27,1,1,17:00
2392,Mumbai,2023-10-09,19:59,Theft,Juhu,20.08645957,76.67204799,10,18,1,1,19:34
2393,Mumbai,2024-05-01,19:12,Harassment,Connaught Place,23.57508186,75.38354675,6,18,1,1,06:32
2396,Mumbai,2024-03-09,01:29,Fraud,Lajpat Nagar,23.13276386,75.66798452,5,3,1,1,18:14
2397,Mumbai,2023-08-06,23:37,Assault,Bandra,27.33643934,76.37139127,9,7,0,1,08:27
2400,Mumbai,2023-08-25,14:02,Theft,Karol Bagh,21.86127581,73.54678597,9,30,1,1,15:20
2402,Mumbai,2024-12-21,00:26,Harassment,Juhu,24.83097347,76.28833321,6,59,1,0,01:15
2407,Mumbai,2024-05-16,19:36,Burglary,Andheri,19.08535613,74.6636019,1,31,0,1,07:54
2410,Mumbai,2023-09-28,18:14,Harassment,Saket,25.90113055,76.29270578,1,53,1,1,04:15
2413,Mumbai,2024-09-22,20:54,Burglary,Karol Bagh,27.99248082,73.80372336,4,25,1,0,08:49
2415,Mumbai,2024-07-20,07:42,Burglary,Karol Bagh,24.45424034,76.17351105,7,42,1,1,01:21
2416,Mumbai,2024-06-09,18:16,Fraud,Dadar,29.23465842,76.22459811,10,59,1,1,02:20
2417,Mumbai,2024-02-09,12:16,Theft,Colaba,28.78962456,76.09619103,1,38,0,1,10:46
2418,Mumbai,2024-08-25,00:33,Fraud,Dadar,27.64380512,74.3568463,,38,0,0,15:54
2420,Mumbai,2023-09-11,07:52,Harassment,Connaught Place,24.99509257,73.52890574,7,51,1,1,04:25
2431,Mumbai,2023-10-05,19:42,Assault,Dwarka,19.2746799,72.12985077,5,12,1,1,05:45
2432,Mumbai,2024-11-25,01:31,Fraud,Saket,23.39457123,76.70934837,8,10,0,1,22:32
2433,Mumbai,2023-02-23,18:13,Theft,Bandra,29.84556332,72.44877989,7,16,1,1,20:24
2435,Mumbai,2024-11-03,17:18,Theft,Juhu,23.66062467,76.04877858,,43,0,1,14:47
2436,Mumbai,2024-05-25,03:54,Harassment,Andheri,22.37864945,76.52069826,2,24,1,1,08:30
2437,Mumbai,2024-12-22,07:59,Harassment,Dadar,28.95596936,73.47482314,8,39,1,1,13:46
2442,Mumbai,2024-03-15,00:43,Theft,Connaught Place,22.70005583,76.1841484,3,7,1,1,17:22
2443,Mumbai,2023-08-07,13:05,Fraud,Colaba,26.3929283,73.34688301,1,15,0,0,20:17
2444,Mumbai,2024-03-21,10:41,Theft,Connaught Place,19.35331732,72.41071902,,15,1,0,15:35
2445,Mumbai,2024-02-05,07:30,Harassment,Andheri,20.46739159,74.88896207,8,48,1,1,14:48
2449,Mumbai,2023-02-19,08:10,Harassment,Connaught Place,19.64449976,74.05483534,1,25,1,0,06:58
2452,Mumbai,2023-01-22,13:10,Assault,Saket,23.76383713,74.2679287,7,24,1,1,05:46
2453,Mumbai,2024-05-05,13:13,Burglary,Andheri,26.7326223,76.89373063,9,54,1,1,18:17
2460,Mumbai,2024-02-19,04:55,Fraud,Dadar,23.28035311,76.7394702,10,16,0,0,11:15
2461,Mumbai,2024-06-22,03:54,Assault,Dwarka,25.13406633,72.23591693,4,11,1,1,21:37
2462,Mumbai,2024-07-02,00:15,Fraud,Lajpat Nagar,25.34436932,74.59060523,5,50,1,1,08:55
2464,Mumbai,2024-02-27,08:11,Theft,Juhu,23.43005607,75.88547094,3,49,1,1,16:23
2467,Mumbai,2023-07-22,03:32,Fraud,Lajpat Nagar,27.37221647,77.92126108,2,19,1,1,02:53
2470,Mumbai,2024-08-03,15:42,Burglary,Dwarka,22.23044055,72.993979,,47,0,1,17:57
2471,Mumbai,2024-12-07,19:17,Theft,Connaught Place,23.57273936,74.37074931,7,42,1,1,16:56
2472,Mumbai,2023-01-07,02:22,Assault,Bandra,27.65652492,73.89800346,6,8,1,1,07:05
2474,Mumbai,2023-08-13,05:24,Assault,Dadar,25.01730961,74.59596065,8,36,0,1,00:03
2475,Mumbai,2023-09-21,06:34,Assault,Juhu,19.58674179,74.02869463,9,40,1,0,07:22
2477,Mumbai,2024-01-02,00:58,Harassment,Connaught Place,21.97807106,73.77670278,1,2,1,0,00:12
2478,Mumbai,2024-01-11,19:51,Theft,Andheri,29.99268635,77.31861633,8,23,1,0,05:32
2479,Mumbai,2023-07-04,02:04,Fraud,Andheri,22.39190578,73.81229319,3,40,1,1,04:27
2484,Mumbai,2023-08-21,06:30,Fraud,Dwarka,28.24589468,74.2140882,8,41,1,0,09:28
2487,Mumbai,2023-01-06,12:50,Harassment,Karol Bagh,22.73530455,73.2893786,7,17,0,1,11:28
2488,Mumbai,2023-05-27,13:06,Assault,Dadar,22.68745498,72.69877649,9,32,1,0,03:27
2489,Mumbai,2023-08-20,16:49,Theft,Colaba,19.46249276,77.27860163,6,1,0,1,16:37
2493,Mumbai,2023-07-11,15:49,Harassment,Karol Bagh,27.14039539,77.23539911,7,49,1,0,04:49
2494,Mumbai,2024-06-04,18:47,Theft,Karol Bagh,25.90470455,75.28160911,7,7,1,0,23:50
2496,Mumbai,2023-01-19,23:14,Theft,Connaught Place,20.55165779,77.54760594,8,3,1,1,16:26
2497,Mumbai,2023-06-03,21:59,Fraud,Dadar,26.80256238,76.31813758,6,30,1,1,05:54
2498,Mumbai,2023-05-05,15:35,Theft,Colaba,28.40021686,72.66929944,4,1,1,0,17:26
2500,Mumbai,2024-09-06,10:41,Harassment,Andheri,19.19666332,76.72273718,8,34,1,1,12:18
2501,Mumbai,2024-04-19,11:12,Assault,Lajpat Nagar,21.37856184,77.01510793,1,38,1,1,20:13
2504,Mumbai,2024-02-01,00:36,Fraud,Karol Bagh,27.32125447,75.79159778,4,57,1,1,21:43
2505,Mumbai,2023-03-03,11:01,Harassment,Andheri,20.21637106,74.63469465,10,53,1,1,16:52
2508,Mumbai,2023-03-21,10:26,Harassment,Bandra,26.58965913,77.76767545,4,43,0,1,18:10
2509,Mumbai,2024-09-15,23:53,Theft,Dwarka,29.68542033,76.50092894,1,16,1,1,11:34
2510,Mumbai,2024-04-06,00:20,Theft,Dwarka,19.92049087,75.78704522,8,38,1,1,14:11
2511,Mumbai,2023-10-06,14:05,Assault,Connaught Place,28.91346425,73.89793234,9,11,1,1,16:38
2513,Mumbai,2024-06-14,03:38,Theft,Karol Bagh,23.32254687,74.45605778,5,52,0,0,09:25
2514,Mumbai,2023-09-08,16:35,Assault,Lajpat Nagar,28.36582566,75.96946044,10,1,1,0,14:59
2516,Mumbai,2023-10-12,04:30,Assault,Juhu,24.57008841,74.29584693,8,30,0,0,12:13
2518,Mumbai,2023-05-02,17:46,Theft,Bandra,26.78962068,76.88248977,4,58,1,1,06:15
2519,Mumbai,2023-02-26,10:07,Fraud,Dadar,28.16034535,72.15770863,6,21,1,0,00:54
2522,Mumbai,2023-11-02,20:20,Assault,Dadar,24.29403766,75.27686682,8,26,1,1,03:30
2523,Mumbai,2023-11-12,07:19,Theft,Bandra,23.95685768,75.90885653,9,41,1,1,05:47
2524,Mumbai,2024-04-14,17:52,Harassment,Karol Bagh,23.66289727,75.10005836,1,14,0,1,12:57
2526,Mumbai,2024-01-04,01:54,Assault,Saket,29.39555609,72.32772922,9,40,1,0,00:15
2529,Mumbai,2023-02-08,04:44,Assault,Connaught Place,20.98319144,72.95871337,5,42,1,1,19:03
2531,Mumbai,2024-07-07,12:09,Burglary,Bandra,27.93463492,72.93324055,8,20,1,1,09:50
2532,Mumbai,2024-04-25,08:21,Fraud,Connaught Place,26.47041714,77.782123,9,9,1,1,21:31
2533,Mumbai,2023-06-08,13:04,Theft,Dwarka,25.67614508,77.68073866,9,41,1,1,09:36
2534,Mumbai,2023-04-24,16:23,Burglary,Lajpat Nagar,25.21294059,74.01665788,10,51,1,1,02:40
2535,Mumbai,2024-04-13,02:31,Theft,Karol Bagh,28.47023531,75.83848627,3,45,1,1,02:27
2538,Mumbai,2023-04-20,00:01,Assault,Karol Bagh,28.33446423,75.76467366,7,4,1,1,07:54
2539,Mumbai,2024-03-13,09:20,Burglary,Bandra,23.55475481,72.00151473,5,4,1,0,21:02
2544,Mumbai,2023-05-05,19:54,Fraud,Dwarka,21.89743973,77.45067723,3,26,0,1,07:49
2545,Mumbai,2023-08-15,03:23,Fraud,Juhu,19.04322254,75.14347006,1,6,1,1,12:27
2547,Mumbai,2024-04-10,08:49,Assault,Connaught Place,20.10251082,77.97913243,3,22,1,1,04:33
2549,Mumbai,2023-10-18,03:11,Fraud,Dadar,22.0368265,73.94770345,2,39,0,1,10:19
2551,Mumbai,2024-04-19,18:51,Burglary,Dwarka,19.95736922,77.37520163,2,42,1,1,00:34
2554,Mumbai,2023-04-11,09:53,Assault,Connaught Place,20.66746703,77.89060411,8,57,1,1,12:09
2556,Mumbai,2023-10-01,17:58,Theft,Saket,29.09168438,77.10313266,10,6,1,1,18:22
2557,Mumbai,2024-01-02,02:51,Harassment,Andheri,26.47820436,72.28890474,,24,0,1,02:48
2559,Mumbai,2023-07-17,18:55,Fraud,Colaba,20.19868792,76.19158972,5,40,1,1,00:32
2560,Mumbai,2024-08-26,22:34,Harassment,Dwarka,21.75805009,75.25767951,9,57,0,1,09:33
2561,Mumbai,2023-08-16,09:58,Harassment,Connaught Place,28.83992737,75.99988479,10,52,0,1,13:05
2562,Mumbai,2023-02-18,17:42,Fraud,Bandra,26.86616175,76.90724438,5,15,0,1,01:24
2563,Mumbai,2023-12-24,09:06,Fraud,Saket,26.03509209,74.24602238,9,53,1,0,23:49
2565,Mumbai,2024-05-08,01:19,Fraud,Juhu,23.5562061,72.97749663,10,18,0,1,01:47
2566,Mumbai,2023-01-16,13:05,Burglary,Saket,19.49012295,73.62531633,5,5,1,1,21:50
2567,Mumbai,2024-03-23,21:21,Fraud,Connaught Place,27.62885696,72.26007372,9,25,1,1,01:11
2568,Mumbai,2024-10-24,08:47,Burglary,Karol Bagh,26.4658456,74.18656087,4,36,1,1,12:57
2569,Mumbai,2023-08-15,01:08,Fraud,Bandra,24.20084911,74.27945727,5,10,1,1,00:18
2571,Mumbai,2023-06-21,18:00,Burglary,Andheri,22.69775631,75.91878402,4,46,1,1,00:40
2576,Mumbai,2024-12-20,17:06,Fraud,Juhu,20.43808213,75.76168713,6,54,0,1,20:39
2579,Mumbai,2024-01-04,07:05,Harassment,Connaught Place,23.23545362,74.41799855,7,21,0,0,04:57
2580,Mumbai,2024-06-15,10:10,Fraud,Dwarka,28.20120511,76.33532458,3,32,0,1,09:17
2581,Mumbai,2023-06-12,05:41,Theft,Dadar,29.4495051,76.103882,10,43,1,1,02:01
2583,Mumbai,2023-09-23,03:40,Burglary,Saket,23.15299965,73.29078136,6,57,0,1,20:31
2584,Mumbai,2023-03-11,00:30,Burglary,Saket,27.67555072,75.31007738,4,15,1,0,17:34
2586,Mumbai,2024-12-25,22:08,Fraud,Karol Bagh,20.83810097,77.99188731,6,58,1,1,15:55
2587,Mumbai,2023-12-25,05:47,Assault,Connaught Place,19.36732525,73.20710485,3,59,1,1,07:54
2588,Mumbai,2023-06-12,21:32,Theft,Connaught Place,23.24288384,75.13930812,1,15,0,1,04:58
2589,Mumbai,2024-09-22,07:26,Fraud,Colaba,28.93915234,74.07711185,3,51,0,1,02:27
2591,Mumbai,2023-06-12,16:56,Burglary,Lajpat Nagar,21.27164481,73.39277161,6,20,0,1,05:58
2592,Mumbai,2024-08-17,08:36,Assault,Saket,29.66802864,72.28567427,4,50,1,1,21:17
2594,Mumbai,2024-08-20,06:31,Assault,Saket,27.64360365,74.0151259,2,15,1,1,06:49
2596,Mumbai,2023-04-15,01:27,Assault,Dwarka,19.41236753,73.9436134,8,56,1,0,06:22
2601,Mumbai,2024-03-28,11:08,Harassment,Connaught Place,19.71712082,74.53870919,2,22,0,1,02:41
2603,Mumbai,2023-05-14,13:58,Harassment,Colaba,20.27112369,74.89990933,1,23,0,1,14:48
2607,Mumbai,2023-01-28,03:45,Burglary,Bandra,22.771813,75.39993647,9,8,1,1,07:42
2609,Mumbai,2024-07-19,20:38,Theft,Karol Bagh,29.21841409,72.87323719,9,32,0,1,11:40
2610,Mumbai,2024-11-21,15:00,Harassment,Lajpat Nagar,29.01826994,75.63674633,7,57,1,1,23:01
2611,Mumbai,2024-08-19,03:25,Burglary,Lajpat Nagar,26.87244128,74.93507977,7,28,0,0,13:27
2612,Mumbai,2024-08-10,18:12,Harassment,Andheri,28.73150615,72.57585418,5,32,1,1,14:06
2613,Mumbai,2023-05-06,23:16,Theft,Karol Bagh,22.5161283,74.37370479,7,22,0,0,08:34
2614,Mumbai,2024-04-16,22:08,Theft,Colaba,23.19220259,75.08865853,4,49,1,1,10:14
2615,Mumbai,2024-05-25,18:11,Harassment,Karol Bagh,25.750834,76.9613594,5,9,1,1,07:42
2616,Mumbai,2023-03-12,20:37,Assault,Bandra,25.85988542,72.45660634,1,3,1,1,06:49
2617,Mumbai,2024-08-06,03:42,Burglary,Dadar,24.29869822,74.09097209,4,25,0,1,03:31
2623,Mumbai,2024-03-07,21:25,Fraud,Juhu,21.96517863,74.99011135,8,46,1,1,18:58
2624,Mumbai,2023-11-11,04:13,Harassment,Lajpat Nagar,20.10186259,77.85952404,,23,1,1,17:44
2625,Mumbai,2024-03-12,08:07,Assault,Connaught Place,22.87674128,77.68269902,6,23,1,1,05:18
2626,Mumbai,2024-09-06,18:00,Assault,Karol Bagh,23.4327008,74.1511961,1,55,0,0,18:11
2627,Mumbai,2024-02-01,20:13,Burglary,Connaught Place,19.18190837,72.84347477,10,18,0,1,05:00
2628,Mumbai,2024-08-25,22:07,Theft,Dwarka,27.96271202,73.95400039,7,11,0,1,05:32
2629,Mumbai,2023-08-11,22:00,Assault,Lajpat Nagar,22.95112743,72.18289956,5,36,0,1,21:57
2634,Mumbai,2024-06-23,20:50,Assault,Dadar,25.69556281,75.068657,4,13,1,0,18:55
2635,Mumbai,2023-12-16,03:55,Harassment,Juhu,29.45312455,75.39135829,2,36,1,0,21:22
2636,Mumbai,2023-03-22,11:20,Assault,Connaught Place,29.98625038,72.03560098,9,42,1,1,04:07
2638,Mumbai,2024-10-27,21:33,Harassment,Karol Bagh,22.2868337,72.14864476,2,44,0,1,12:35
2639,Mumbai,2023-08-12,21:17,Harassment,Dadar,28.44191661,76.5272372,2,51,1,1,00:07
2640,Mumbai,2023-06-02,14:42,Fraud,Lajpat Nagar,29.9847257,72.87387478,1,12,0,1,05:26
2642,Mumbai,2023-05-07,20:09,Assault,Connaught Place,27.74654795,75.85994588,8,2,1,0,05:21
2647,Mumbai,2023-11-12,15:31,Harassment,Bandra,26.56925264,76.31016131,2,33,1,1,22:08
2650,Mumbai,2024-01-10,00:27,Theft,Colaba,20.58923266,73.86457017,4,23,1,0,07:56
2651,Mumbai,2024-06-10,14:10,Fraud,Juhu,21.56269433,77.9948974,4,55,1,1,19:18
2653,Mumbai,2023-12-15,01:47,Harassment,Karol Bagh,19.40582618,75.68628984,4,20,1,0,07:52
2658,Mumbai,2024-08-28,09:17,Theft,Juhu,21.40096431,74.37053113,8,25,1,0,08:38
2660,Mumbai,2024-02-01,00:30,Burglary,Connaught Place,21.60477838,75.75780657,2,30,1,1,04:50
2661,Mumbai,2024-11-09,16:04,Theft,Saket,24.52782589,72.50373422,8,29,0,0,07:35
2662,Mumbai,2024-03-18,18:29,Harassment,Bandra,21.98295564,77.30996168,8,47,1,1,07:32
2663,Mumbai,2024-12-19,11:19,Harassment,Andheri,29.42362752,73.6132491,5,30,1,1,09:18
2665,Mumbai,2024-05-18,14:12,Fraud,Connaught Place,19.64675618,73.78254581,6,25,1,1,21:53
2667,Mumbai,2024-10-10,08:53,Assault,Bandra,22.61729817,75.26812856,3,59,0,1,20:25
2668,Mumbai,2024-09-24,15:24,Burglary,Colaba,26.18837825,74.94848253,7,24,0,1,11:16
2672,Mumbai,2024-02-21,04:01,Theft,Andheri,29.20809616,73.05193007,3,36,0,0,23:35
2673,Mumbai,2024-07-06,07:41,Harassment,Saket,21.87239859,76.69572473,2,51,0,1,11:47
2678,Mumbai,2024-05-21,08:46,Burglary,Dwarka,19.98866108,72.47878228,3,26,0,0,08:52
2683,Mumbai,2024-12-05,09:47,Burglary,Dadar,20.63223916,76.43646873,7,7,0,1,20:02
2685,Mumbai,2024-06-14,02:36,Assault,Dadar,29.44444975,77.52458888,8,36,1,1,00:21
2688,Mumbai,2023-09-07,07:48,Assault,Dadar,25.58913901,74.88746073,8,49,1,1,21:32
2690,Mumbai,2023-09-11,17:54,Harassment,Bandra,20.2920828,73.97014411,2,48,1,0,03:21
2691,Mumbai,2024-11-26,19:36,Fraud,Bandra,26.58520852,74.9595866,9,2,1,1,18:01
2693,Mumbai,2024-02-18,05:40,Assault,Dwarka,21.26760776,77.73393255,4,57,1,1,17:08
2694,Mumbai,2024-03-01,15:33,Fraud,Lajpat Nagar,23.43028981,77.5624147,7,16,0,1,06:29
2695,Mumbai,2023-09-10,00:09,Burglary,Lajpat Nagar,19.83556316,73.5746884,2,21,1,1,15:10
2696,Mumbai,2024-08-14,00:20,Theft,Dadar,26.64947863,73.39481424,8,9,1,1,03:03
2697,Mumbai,2024-03-04,22:49,Fraud,Colaba,21.78016936,73.78598704,10,12,1,1,19:03
2698,Mumbai,2023-03-17,17:26,Theft,Bandra,22.4254621,74.64786667,,29,1,0,15:16
2699,Mumbai,2023-04-26,18:21,Assault,Dwarka,20.33189428,73.88500448,5,24,1,1,09:16
2700,Mumbai,2023-07-15,00:30,Burglary,Karol Bagh,28.51125025,74.24527677,9,33,1,1,15:36
2703,Mumbai,2024-05-23,09:46,Assault,Connaught Place,25.26375951,76.41334919,9,18,0,0,22:04
2705,Mumbai,2024-10-17,22:51,Fraud,Bandra,21.11782907,72.19310642,9,5,1,1,15:16
2706,Mumbai,2024-03-23,08:37,Fraud,Dwarka,27.19646023,72.28640274,9,15,0,0,22:00
2708,Mumbai,2023-04-05,12:42,Harassment,Saket,20.14261169,75.19847293,10,7,1,1,22:16
2709,Mumbai,2023-12-08,19:36,Assault,Colaba,26.81159541,75.46884404,3,25,1,1,11:25
2710,Mumbai,2024-03-07,18:22,Theft,Juhu,21.29720722,72.31552116,8,14,1,1,16:43
2711,Mumbai,2023-02-14,03:24,Fraud,Juhu,22.37450026,73.53188281,7,52,1,1,16:44
2713,Mumbai,2024-07-02,06:56,Fraud,Bandra,23.94286448,77.15509134,10,36,1,1,16:25
2714,Mumbai,2023-02-02,07:20,Burglary,Saket,26.79437038,77.50190038,2,35,1,1,10:43
2715,Mumbai,2023-08-04,01:54,Fraud,Colaba,25.85774973,75.00251698,2,44,1,0,15:48
2717,Mumbai,2024-11-01,15:48,Fraud,Bandra,26.85459764,76.99829779,2,24,1,1,09:49
2720,Mumbai,2023-11-12,07:27,Assault,Juhu,23.81797523,77.43050423,2,24,1,1,12:00
2721,Mumbai,2023-02-05,17:01,Assault,Karol Bagh,22.3820839,76.73959633,5,11,0,1,14:08
2723,Mumbai,2024-03-28,03:36,Harassment,Juhu,27.95457119,73.30948233,9,51,1,1,12:46
2726,Mumbai,2023-09-07,01:13,Assault,Lajpat Nagar,19.47061595,72.66688696,7,21,1,1,15:16
2727,Mumbai,2023-05-06,14:26,Burglary,Andheri,21.68469796,76.76797293,3,8,1,0,03:09
2732,Mumbai,2023-03-27,04:14,Fraud,Dadar,21.37169969,74.84012508,2,58,1,0,19:13
2733,Mumbai,2024-07-14,23:13,Fraud,Lajpat Nagar,23.39229182,76.091431,1,10,1,1,16:40
2734,Mumbai,2023-09-08,06:23,Burglary,Saket,24.5868363,75.80311741,10,28,1,1,04:22
2735,Mumbai,2024-02-25,03:02,Harassment,Bandra,27.91226434,74.56348318,4,15,1,1,04:50
2736,Mumbai,2024-02-15,08:00,Theft,Juhu,28.23033763,77.39619917,,12,0,1,17:43
2738,Mumbai,2024-06-23,03:17,Theft,Connaught Place,24.60169776,75.03520379,5,18,1,1,09:00
2739,Mumbai,2024-09-24,20:37,Fraud,Karol Bagh,26.63702221,72.37350354,9,56,0,1,09:13
2740,Mumbai,2023-02-11,14:57,Assault,Dwarka,20.22980408,77.53272234,8,37,0,1,18:15
2741,Mumbai,2024-02-13,06:05,Theft,Dwarka,25.21817856,73.06269941,9,44,1,1,11:07
2742,Mumbai,2024-08-20,10:59,Assault,Saket,21.7356099,75.17006816,10,24,1,1,12:01
2746,Mumbai,2024-04-28,19:34,Assault,Karol Bagh,19.57403564,73.44410946,,10,0,1,15:28
2749,Mumbai,2024-11-04,15:44,Theft,Karol Bagh,19.09184711,77.13585516,6,37,0,1,13:26
2750,Mumbai,2024-08-17,08:34,Assault,Bandra,20.21390562,77.36734802,4,11,1,0,17:18
2751,Mumbai,2023-02-05,05:42,Theft,Karol Bagh,21.63437586,75.89240089,2,51,1,1,17:59
2754,Mumbai,2023-06-07,15:52,Burglary,Karol Bagh,22.36606716,74.3065724,5,19,1,1,03:27
2755,Mumbai,2024-04-20,06:50,Burglary,Bandra,20.40162862,75.88870754,,52,0,0,06:25
2758,Mumbai,2024-12-25,02:32,Harassment,Connaught Place,26.45866414,73.88646016,4,30,0,1,10:09
2759,Mumbai,2024-11-13,18:14,Harassment,Karol Bagh,22.25690298,74.33062163,2,32,1,1,08:53
2761,Mumbai,2024-08-17,00:27,Theft,Connaught Place,26.86341572,72.44136617,6,53,1,1,02:15
2766,Mumbai,2023-02-24,00:47,Burglary,Dwarka,25.36830215,75.67864558,5,21,1,0,16:14
2767,Mumbai,2023-02-16,03:40,Assault,Saket,23.72842006,77.26929786,6,29,1,1,19:14
2773,Mumbai,2024-09-09,23:11,Fraud,Dwarka,24.17273884,74.01578189,5,47,0,1,22:56
2774,Mumbai,2024-09-18,06:52,Theft,Bandra,28.59232708,72.88294621,3,12,1,1,12:02
2775,Mumbai,2023-01-14,06:12,Fraud,Dwarka,21.47544439,72.86051167,5,58,1,1,16:41
2776,Mumbai,2023-07-15,04:18,Harassment,Bandra,24.24474746,73.00646644,5,41,0,1,17:22
2782,Mumbai,2024-12-13,23:13,Assault,Connaught Place,29.92487869,76.74924604,1,26,1,1,22:55
2784,Mumbai,2024-11-18,09:53,Assault,Lajpat Nagar,20.26264907,77.80352774,1,52,1,1,02:16
2785,Mumbai,2024-08-18,21:27,Burglary,Connaught Place,26.98565657,74.63442369,9,10,1,1,19:51
2786,Mumbai,2023-09-02,04:44,Harassment,Saket,19.56920028,77.7020128,3,22,1,1,19:31
2787,Mumbai,2024-05-16,02:53,Assault,Bandra,19.33211217,76.33973969,8,39,1,1,23:19
2789,Mumbai,2024-05-11,12:00,Assault,Dwarka,29.62034223,76.09069873,3,11,1,1,08:46
2790,Mumbai,2023-01-19,05:23,Theft,Bandra,29.34949903,76.12029996,9,28,1,0,15:12
2791,Mumbai,2023-03-27,01:34,Burglary,Saket,21.13320602,77.43516338,8,31,1,0,21:55
2795,Mumbai,2024-06-14,05:13,Harassment,Andheri,25.26675095,73.99245145,2,48,1,1,18:39
2796,Mumbai,2024-01-22,02:09,Fraud,Dadar,21.43752773,72.37346236,8,28,0,0,01:36
2798,Mumbai,2024-10-03,13:14,Assault,Saket,22.40508486,76.9046859,4,46,0,1,17:04
2801,Mumbai,2024-01-15,22:33,Burglary,Juhu,23.79986314,73.22405182,5,31,0,1,12:55
2802,Mumbai,2024-10-17,22:35,Assault,Dadar,27.68903202,72.72413081,4,41,1,0,10:36
2803,Mumbai,2024-05-01,21:33,Harassment,Juhu,27.99706089,75.06598075,1,48,1,1,15:28
2804,Mumbai,2024-10-01,18:57,Harassment,Connaught Place,22.19529766,72.47489173,7,16,0,1,07:39
2810,Mumbai,2024-06-14,13:11,Harassment,Juhu,27.8133089,72.17392158,8,29,1,1,15:13
2814,Mumbai,2024-10-13,19:13,Fraud,Dadar,20.10071139,72.78711062,9,37,1,1,01:33
2815,Mumbai,2023-10-24,23:51,Harassment,Lajpat Nagar,25.47557872,75.55484789,6,38,1,1,23:01
2816,Mumbai,2023-12-28,00:12,Burglary,Dadar,27.56235176,76.033515,9,29,0,1,09:51
2817,Mumbai,2023-10-11,12:18,Fraud,Andheri,20.02660932,72.22338721,4,58,0,1,03:45
2820,Mumbai,2024-02-21,02:55,Assault,Connaught Place,25.53017837,77.10271364,5,30,1,1,19:40
2821,Mumbai,2024-09-26,18:07,Assault,Dwarka,28.75407831,76.94778881,4,31,1,1,08:56
2824,Mumbai,2024-05-20,23:44,Assault,Lajpat Nagar,19.69337018,76.07176203,5,25,1,1,22:58
2825,Mumbai,2024-11-25,17:54,Theft,Andheri,28.93301194,76.83837176,9,4,0,1,05:51
2826,Mumbai,2023-01-21,03:35,Theft,Karol Bagh,27.95475116,75.97499075,7,35,1,1,03:57
2827,Mumbai,2023-10-16,15:25,Harassment,Saket,22.45665673,73.96636174,7,41,0,1,21:32
2831,Mumbai,2023-09-07,16:11,Assault,Saket,28.68823435,76.19292349,6,59,1,0,02:43
2832,Mumbai,2024-08-05,17:56,Harassment,Connaught Place,27.33423378,77.72866531,5,26,1,1,23:27
2837,Mumbai,2024-11-06,02:15,Fraud,Connaught Place,27.71438736,76.96205929,8,45,1,1,07:26
2845,Mumbai,2024-03-01,13:31,Fraud,Dwarka,19.89407015,76.87890721,7,18,0,1,14:59
2846,Mumbai,2024-05-22,06:08,Burglary,Colaba,19.22929764,73.78253192,10,16,1,1,03:09
2847,Mumbai,2023-11-28,07:44,Harassment,Andheri,25.91619748,73.28232692,7,49,0,1,12:20
2848,Mumbai,2023-12-16,20:05,Fraud,Connaught Place,25.92639917,76.00137163,10,57,1,1,15:44
2850,Mumbai,2023-06-20,19:28,Burglary,Colaba,23.37847492,77.40678744,4,38,1,1,02:35
2851,Mumbai,2024-02-14,02:27,Theft,Bandra,22.65096913,72.09567412,6,25,0,1,04:53
2854,Mumbai,2023-04-04,23:48,Harassment,Karol Bagh,29.30451344,75.72781254,8,19,1,0,15:48
2855,Mumbai,2023-09-22,10:29,Theft,Lajpat Nagar,27.83436583,72.54822864,,3,0,1,17:39
2857,Mumbai,2023-10-04,08:54,Harassment,Colaba,25.98405659,73.36381444,10,35,1,0,17:32
2862,Mumbai,2023-05-15,21:44,Fraud,Lajpat Nagar,19.00173519,75.54599975,8,19,1,1,02:39
2865,Mumbai,2024-12-04,02:20,Assault,Dwarka,21.6822301,77.83625984,2,27,1,1,09:06
2867,Mumbai,2024-11-08,23:51,Assault,Lajpat Nagar,25.16417846,73.52379839,7,26,1,1,11:43
2868,Mumbai,2024-03-12,20:37,Fraud,Colaba,23.37753005,73.38054475,10,35,1,1,17:49
2869,Mumbai,2024-12-12,02:05,Theft,Juhu,26.42141391,75.66811818,4,19,0,1,10:56
2871,Mumbai,2023-12-22,15:51,Burglary,Dadar,20.36333114,72.04618682,2,54,1,1,14:45
2872,Mumbai,2023-12-26,03:28,Theft,Saket,24.49132654,76.98039223,6,35,0,0,07:03
2874,Mumbai,2024-05-21,11:03,Theft,Karol Bagh,22.25394699,75.97097574,6,49,1,1,08:13
2875,Mumbai,2024-11-04,20:47,Fraud,Bandra,19.73730887,72.41268395,10,13,1,1,14:57
2876,Mumbai,2023-08-13,19:01,Assault,Bandra,28.85291092,74.1723351,9,14,1,1,13:13
2877,Mumbai,2023-07-09,23:09,Harassment,Connaught Place,26.61000445,77.61229356,10,30,1,1,03:33
2878,Mumbai,2024-02-27,11:20,Assault,Juhu,20.33779973,77.17553545,9,58,1,0,10:23
2880,Mumbai,2023-08-21,03:50,Theft,Colaba,29.72359787,72.9423533,9,57,0,1,15:01
2881,Mumbai,2024-11-14,16:41,Assault,Bandra,26.49289805,74.69452774,3,43,1,1,15:52
2885,Mumbai,2024-02-27,17:52,Assault,Dwarka,27.57958423,74.1780087,3,15,1,1,17:45
2887,Mumbai,2023-06-14,21:36,Burglary,Karol Bagh,23.72871034,77.38568405,6,48,1,1,23:19
2888,Mumbai,2024-08-23,17:30,Fraud,Karol Bagh,19.12130893,72.22769838,9,14,1,1,00:00
2891,Mumbai,2023-01-13,02:09,Fraud,Juhu,21.23469331,77.65013525,4,33,1,1,01:50
2893,Mumbai,2024-10-03,09:32,Assault,Bandra,29.06425092,72.24419877,7,55,1,1,13:02
2897,Mumbai,2024-12-05,01:32,Assault,Connaught Place,21.69154807,77.74593885,4,48,1,0,09:49
2899,Mumbai,2024-05-07,00:02,Harassment,Lajpat Nagar,28.0533114,75.96949213,3,26,0,1,19:31
2900,Mumbai,2023-07-12,19:03,Fraud,Dwarka,21.54034395,72.97714975,5,3,1,1,05:37
2901,Mumbai,2023-07-13,00:42,Assault,Bandra,20.08281304,76.40594045,2,25,1,1,13:33
2902,Mumbai,2023-01-01,08:56,Theft,Saket,29.77362565,76.36207473,3,17,0,1,23:10
2904,Mumbai,2023-05-23,11:40,Theft,Colaba,28.5798097,77.54871546,6,29,1,1,17:32
2905,Mumbai,2023-01-13,10:05,Harassment,Karol Bagh,19.0453987,73.00186729,3,46,1,1,21:57
2907,Mumbai,2023-02-12,16:17,Assault,Karol Bagh,24.1245844,72.37934604,5,34,1,1,09:09
2909,Mumbai,2023-12-17,12:24,Theft,Karol Bagh,26.58825412,75.73055632,5,57,1,1,06:47
2911,Mumbai,2024-02-08,07:26,Fraud,Lajpat Nagar,19.85234377,72.98288198,3,40,1,1,18:45
2913,Mumbai,2024-05-24,08:32,Assault,Andheri,23.26854197,73.00047341,9,7,1,1,23:38
2914,Mumbai,2024-07-05,07:20,Assault,Lajpat Nagar,21.0416447,74.71970788,5,30,1,1,04:57
2919,Mumbai,2024-05-08,18:24,Theft,Connaught Place,19.99921999,76.37551184,7,58,1,1,13:26
2920,Mumbai,2024-04-12,23:02,Theft,Karol Bagh,20.41831036,72.21426569,7,55,1,1,20:52
2922,Mumbai,2024-03-28,01:40,Harassment,Connaught Place,28.45480476,74.87501608,10,13,0,1,14:46
2925,Mumbai,2024-12-20,07:26,Burglary,Juhu,22.67484939,77.22182267,5,13,1,1,17:44
2926,Mumbai,2024-02-04,19:54,Theft,Colaba,21.99691085,77.63658976,5,13,1,1,21:46
2927,Mumbai,2023-01-11,19:35,Harassment,Bandra,25.0407126,72.47284019,1,37,0,1,07:42
2928,Mumbai,2023-08-12,14:39,Burglary,Dwarka,26.94038477,74.09411228,3,44,1,0,15:58
2929,Mumbai,2023-01-09,11:50,Theft,Connaught Place,29.92710067,77.74971377,2,6,1,1,02:58
2930,Mumbai,2024-05-13,00:49,Harassment,Saket,20.44727783,72.4989704,7,26,0,1,01:53
2931,Mumbai,2024-03-18,19:49,Assault,Connaught Place,19.54221199,75.86184824,5,54,0,1,22:20
2937,Mumbai,2023-06-02,03:55,Theft,Lajpat Nagar,24.6210524,77.33760837,1,39,1,1,13:44
2945,Mumbai,2023-01-08,20:11,Harassment,Karol Bagh,28.65534176,75.20401383,6,53,1,1,07:44
2946,Mumbai,2023-01-16,17:30,Fraud,Bandra,20.10034838,73.42173818,7,58,1,1,00:16
2948,Mumbai,2024-07-04,07:33,Fraud,Saket,27.26978839,74.84062721,5,9,1,1,05:22
2949,Mumbai,2024-01-15,06:24,Theft,Dadar,20.04485309,73.7687501,3,7,0,1,12:50
2950,Mumbai,2024-12-18,22:48,Theft,Connaught Place,22.52840855,76.81167765,10,39,1,1,01:02
2951,Mumbai,2024-08-16,06:33,Fraud,Bandra,23.25870933,76.1802816,10,58,1,1,09:07
2953,Mumbai,2023-02-12,12:17,Assault,Karol Bagh,20.7394591,72.99264984,4,50,1,1,03:26
2954,Mumbai,2023-04-28,07:09,Theft,Juhu,28.46664939,75.89513571,,16,1,1,21:25
2955,Mumbai,2024-03-27,21:04,Burglary,Andheri,23.92296459,73.46543681,7,8,1,0,15:29
2963,Mumbai,2023-07-12,09:26,Harassment,Andheri,23.3090054,73.7677098,7,15,1,1,03:28
2964,Mumbai,2023-06-05,09:10,Fraud,Andheri,25.48198937,72.04524656,9,25,1,1,13:13
2965,Mumbai,2023-02-15,00:15,Fraud,Dwarka,22.03254487,73.77994306,5,7,1,1,23:20
2971,Mumbai,2023-11-10,06:06,Assault,Connaught Place,29.56013923,75.28999199,,47,0,1,00:44
2972,Mumbai,2024-01-24,09:49,Assault,Colaba,19.41562644,72.55746997,9,3,1,1,09:13
2977,Mumbai,2023-03-13,20:24,Theft,Saket,29.32447744,76.22091066,1,12,1,1,14:25
2982,Mumbai,2023-06-22,12:50,Assault,Colaba,27.51047281,74.69601636,3,8,1,1,11:19
2985,Mumbai,2024-08-09,10:34,Harassment,Colaba,23.71626549,74.63045599,1,5,0,1,07:36
2986,Mumbai,2024-02-25,21:11,Burglary,Andheri,28.56793602,74.28685989,7,45,1,1,02:20
2987,Mumbai,2024-06-20,09:12,Theft,Karol Bagh,23.93850981,77.59687209,7,2,1,0,16:19
2990,Mumbai,2024-08-22,15:24,Burglary,Andheri,22.62050376,76.78184867,1,38,0,1,10:26
2991,Mumbai,2023-11-22,09:26,Fraud,Lajpat Nagar,28.74516037,75.65578464,5,39,1,1,01:52
2992,Mumbai,2023-08-17,08:55,Harassment,Dadar,28.32372512,72.69511666,10,3,1,1,09:24
2993,Mumbai,2023-05-15,09:32,Assault,Bandra,21.31748437,73.74888404,4,46,1,0,14:57
2994,Mumbai,2024-02-26,18:52,Burglary,Bandra,25.86719441,77.81305444,9,48,1,1,16:10
2995,Mumbai,2024-05-05,16:32,Assault,Dwarka,19.79950547,73.91653259,5,38,1,1,20:02
2999,Mumbai,2023-01-17,07:35,Burglary,Connaught Place,23.40241005,73.71274632,9,52,0,1,22:58
3000,Mumbai,2023-09-14,22:32,Theft,Colaba,25.34614352,73.78603188,8,32,0,1,03:20
3001,Mumbai,2024-02-15,16:11,Assault,Dadar,28.40408654,74.81335791,3,47,1,1,22:50
3002,Mumbai,2024-06-09,08:21,Fraud,Andheri,29.71666778,72.1307337,8,17,1,0,22:22
3003,Mumbai,2023-09-01,23:08,Harassment,Lajpat Nagar,23.83441764,76.73593806,2,56,1,1,01:42
3004,Mumbai,2023-12-22,14:39,Assault,Saket,19.66491615,73.90253272,3,18,0,1,05:25
3007,Mumbai,2023-07-23,10:02,Harassment,Andheri,23.92680479,75.9684122,,56,0,1,22:39
3009,Mumbai,2024-11-15,20:03,Burglary,Dwarka,24.52638381,75.09789937,1,49,1,0,02:55
3011,Mumbai,2023-04-06,06:58,Burglary,Connaught Place,27.32713055,74.03329132,1,13,0,1,21:03
3012,Mumbai,2023-12-20,06:13,Theft,Saket,24.98283066,77.08881774,1,55,1,0,22:27
3015,Mumbai,2023-07-04,18:20,Theft,Andheri,21.62088655,72.63131084,1,17,1,0,10:18
3016,Mumbai,2023-03-21,22:07,Assault,Karol Bagh,28.3620107,72.84614873,6,21,1,1,20:00
3019,Mumbai,2024-05-20,04:51,Burglary,Andheri,25.85858591,75.05861804,10,32,1,1,05:17
3021,Mumbai,2024-05-03,03:45,Burglary,Andheri,28.28846174,73.29161264,8,48,1,0,20:07
3022,Mumbai,2023-03-01,19:29,Fraud,Saket,23.98629713,76.3122237,9,38,0,0,22:55
3023,Mumbai,2023-02-27,16:29,Theft,Saket,26.99085494,72.50868374,2,8,1,1,13:36
3024,Mumbai,2023-12-07,23:56,Theft,Connaught Place,20.05089828,75.43994228,,1,1,1,08:14
3032,Mumbai,2024-08-16,12:41,Harassment,Andheri,27.32694235,72.18665151,10,21,1,0,17:56
3035,Mumbai,2024-01-11,13:54,Theft,Juhu,27.91902592,74.81636627,9,35,1,1,10:28
3038,Mumbai,2024-12-19,19:48,Fraud,Dwarka,25.20886026,72.46447005,1,15,1,1,12:49
3042,Mumbai,2023-09-01,16:54,Burglary,Juhu,26.11486226,72.19751152,10,30,1,1,12:18
3045,Mumbai,2024-08-04,16:57,Harassment,Dadar,22.64533553,75.27654795,9,52,1,0,13:07
3047,Mumbai,2024-08-23,05:13,Burglary,Andheri,28.49787447,76.48586768,3,15,1,1,00:28
3048,Mumbai,2024-01-06,00:51,Theft,Dwarka,22.55347943,77.10071321,6,23,1,0,00:47
3050,Mumbai,2024-06-15,03:21,Assault,Karol Bagh,23.56585942,75.32618424,,15,0,1,11:31
3051,Mumbai,2023-09-08,13:07,Burglary,Lajpat Nagar,20.64005247,75.69243406,4,26,1,1,00:23
3053,Mumbai,2024-03-10,19:33,Fraud,Bandra,23.44743674,75.42148875,9,18,1,1,11:02
3054,Mumbai,2024-07-27,00:15,Assault,Dadar,28.62861991,73.41993228,10,6,1,0,17:25
3058,Mumbai,2023-11-16,15:16,Burglary,Dwarka,27.40642532,77.49712289,8,54,0,0,06:21
3060,Mumbai,2023-10-16,19:07,Assault,Saket,25.88148542,75.85694213,8,38,1,1,18:53
3061,Mumbai,2023-07-16,23:58,Assault,Colaba,19.56892971,72.61822279,5,28,1,0,22:34
3062,Mumbai,2024-04-07,13:58,Theft,Karol Bagh,21.32142163,77.42678255,5,15,0,1,18:27
3063,Mumbai,2023-01-12,00:56,Fraud,Andheri,19.8176396,75.41162528,5,19,1,0,20:11
3064,Mumbai,2024-06-22,19:43,Theft,Karol Bagh,22.17805747,76.68202949,1,5,1,0,10:35
3065,Mumbai,2023-03-27,06:25,Burglary,Lajpat Nagar,25.90182908,76.76664721,6,4,0,1,12:38
3066,Mumbai,2023-02-11,11:39,Assault,Colaba,25.22804583,73.53888316,5,17,1,1,04:55
3069,Mumbai,2023-08-09,09:38,Harassment,Bandra,22.00331675,72.53780727,2,12,1,1,00:02
3070,Mumbai,2024-06-25,02:51,Harassment,Colaba,21.68958247,76.09829939,6,5,1,1,12:41
3072,Mumbai,2023-12-28,16:40,Assault,Saket,28.33977962,73.80346265,10,44,1,1,21:22
3076,Mumbai,2023-09-02,07:25,Burglary,Karol Bagh,28.60339162,73.38796987,7,52,1,1,14:44
3077,Mumbai,2023-03-21,16:30,Fraud,Connaught Place,27.1700395,74.00400431,10,49,1,1,11:04
3083,Mumbai,2023-02-28,23:10,Harassment,Karol Bagh,22.31957145,72.46086617,5,44,1,1,05:29
3085,Mumbai,2023-04-27,19:32,Harassment,Lajpat Nagar,27.34825143,76.35915716,,39,1,1,08:51
3087,Mumbai,2023-02-09,07:28,Burglary,Karol Bagh,23.6920814,76.38319213,7,29,1,1,20:01
3088,Mumbai,2024-12-25,08:21,Harassment,Bandra,21.0454879,76.97216965,3,10,0,1,21:04
3089,Mumbai,2024-06-21,10:26,Fraud,Saket,20.22157689,76.47572771,1,51,1,1,19:31
3090,Mumbai,2023-03-25,02:05,Harassment,Lajpat Nagar,26.95038236,75.78412313,2,16,0,0,13:44
3091,Mumbai,2024-04-05,08:59,Fraud,Lajpat Nagar,21.94263043,74.56179837,3,34,0,1,05:07
3092,Mumbai,2024-07-14,01:44,Harassment,Bandra,28.02065302,77.41270385,9,31,1,0,06:17
3094,Mumbai,2024-01-15,23:18,Harassment,Bandra,19.84281795,74.39013193,4,41,1,1,02:25
3096,Mumbai,2023-02-11,17:26,Assault,Saket,27.82268815,73.74422914,9,5,0,1,12:04
3097,Mumbai,2024-07-25,23:02,Fraud,Andheri,27.67845986,75.26236041,3,33,0,1,10:09
3099,Mumbai,2024-01-22,00:49,Fraud,Juhu,22.83894429,73.32741209,8,19,1,1,13:49
3104,Mumbai,2024-09-20,23:02,Assault,Karol Bagh,29.15458276,75.44317664,1,1,1,1,08:57
3105,Mumbai,2023-12-13,16:44,Fraud,Connaught Place,21.9629261,72.88429961,9,36,1,1,14:02
3107,Mumbai,2024-12-12,23:08,Theft,Andheri,26.37290056,74.4605381,6,28,0,1,16:06
3108,Mumbai,2024-04-10,13:49,Harassment,Colaba,24.09862628,76.84927698,2,48,0,1,00:06
3110,Mumbai,2024-07-24,06:55,Fraud,Colaba,21.99784286,73.33786485,4,5,1,1,22:06
3113,Mumbai,2024-09-11,12:25,Burglary,Dwarka,20.25455327,77.92948293,7,46,1,1,02:39
3114,Mumbai,2023-01-01,19:05,Burglary,Juhu,22.82438916,77.71274327,,22,1,1,17:34
3115,Mumbai,2024-04-27,00:24,Assault,Karol Bagh,27.39141026,75.37958832,10,49,0,0,08:02
3118,Mumbai,2024-05-21,10:47,Assault,Dwarka,28.37460177,76.32599052,8,53,1,1,07:28
3119,Mumbai,2024-02-02,06:06,Theft,Lajpat Nagar,25.6150439,76.19897215,3,55,0,1,09:35
3120,Mumbai,2023-08-10,05:49,Theft,Juhu,29.56941134,77.75132405,,53,0,1,21:48
3121,Mumbai,2023-08-11,06:16,Harassment,Saket,26.37204014,75.57873664,9,21,1,1,20:46
3123,Mumbai,2023-06-10,01:52,Theft,Bandra,24.21161699,77.0956125,7,5,1,1,03:51
3126,Mumbai,2023-02-11,13:36,Assault,Colaba,19.16401291,73.40501212,,8,1,1,03:31
3127,Mumbai,2023-06-15,03:31,Fraud,Bandra,20.42343301,74.22760154,7,2,1,1,19:15
3128,Mumbai,2023-03-23,20:54,Assault,Lajpat Nagar,21.76830879,72.88380807,2,59,0,1,00:46
3130,Mumbai,2023-01-14,17:41,Fraud,Connaught Place,24.36184521,74.7343644,2,34,1,1,00:20
3131,Mumbai,2023-08-07,04:39,Theft,Connaught Place,20.5183037,77.98297689,,59,1,1,16:34
3133,Mumbai,2024-10-18,08:18,Assault,Bandra,25.55751868,76.71866894,3,3,1,1,00:21
3135,Mumbai,2024-11-14,03:15,Harassment,Colaba,19.15025872,76.98927199,5,52,1,1,16:02
3137,Mumbai,2024-03-05,17:00,Burglary,Andheri,23.30864253,76.18195399,8,58,0,0,08:01
3138,Mumbai,2023-08-23,16:28,Theft,Lajpat Nagar,20.69371786,73.76658467,8,24,0,1,06:13
3141,Mumbai,2024-08-02,15:55,Fraud,Andheri,25.01961171,75.53456805,9,37,1,1,01:35
3146,Mumbai,2023-09-05,06:14,Theft,Colaba,27.28534783,77.83148478,3,1,1,0,07:21
3147,Mumbai,2023-06-10,20:23,Assault,Dwarka,25.0874003,76.994868,2,14,1,1,20:33
3152,Mumbai,2024-04-06,22:44,Burglary,Dadar,29.86780909,73.12829252,9,30,1,1,05:06
3153,Mumbai,2024-01-04,00:38,Assault,Andheri,26.30812952,72.02436352,8,36,0,0,07:04
3157,Mumbai,2024-07-16,02:51,Fraud,Connaught Place,24.33255866,76.57032535,2,43,1,0,13:01
3159,Mumbai,2024-08-22,18:11,Burglary,Andheri,22.05714212,77.85179723,2,43,1,1,02:10
3161,Mumbai,2024-02-26,14:16,Assault,Bandra,25.04987257,74.76917375,8,30,0,1,13:28
3163,Mumbai,2024-06-18,05:25,Fraud,Bandra,19.79950371,73.33390926,6,44,1,1,08:09
3167,Mumbai,2024-09-21,19:36,Theft,Dwarka,24.61288911,72.00512218,10,24,1,0,23:22
3169,Mumbai,2023-04-20,21:18,Assault,Dwarka,25.52598202,73.13035789,10,51,1,1,06:25
3170,Mumbai,2023-10-17,17:41,Fraud,Connaught Place,21.56734997,76.30271691,9,39,1,1,05:03
3174,Mumbai,2023-04-27,21:48,Assault,Bandra,23.94647836,74.42998223,10,59,1,0,17:50
3176,Mumbai,2024-07-19,16:18,Harassment,Andheri,20.77777667,75.19825973,2,58,1,0,22:46
3177,Mumbai,2023-08-28,04:34,Assault,Colaba,22.22119185,72.58763019,2,43,0,1,10:38
3184,Mumbai,2023-03-10,16:56,Harassment,Juhu,19.13851874,75.14313364,10,13,0,1,23:53
3185,Mumbai,2024-11-06,09:36,Assault,Dadar,28.88045871,75.08701299,5,11,1,0,08:47
3186,Mumbai,2023-10-11,19:50,Burglary,Juhu,25.39473139,74.80861227,9,39,1,0,13:23
3188,Mumbai,2023-05-13,06:06,Burglary,Bandra,21.55854101,76.9950264,3,46,1,0,11:31
3189,Mumbai,2023-06-05,05:53,Burglary,Connaught Place,25.78574362,76.50473805,7,49,1,1,22:57
3190,Mumbai,2024-06-09,07:18,Assault,Saket,24.59902402,72.86319446,4,16,0,0,03:48
3191,Mumbai,2024-02-02,04:49,Harassment,Andheri,29.90757553,75.73235706,2,33,1,1,13:25
3192,Mumbai,2023-04-25,13:25,Assault,Lajpat Nagar,29.81537585,72.48193863,3,41,0,1,11:31
3195,Mumbai,2023-06-15,19:44,Assault,Dwarka,24.40255066,72.79499374,9,59,1,0,00:18
3196,Mumbai,2024-02-16,00:35,Assault,Colaba,26.50726973,77.17230514,6,10,1,1,18:39
3197,Mumbai,2023-07-21,15:09,Assault,Bandra,20.11731999,75.68405003,10,51,0,1,11:54
3200,Mumbai,2023-05-19,13:57,Assault,Saket,19.80696835,75.22386155,5,43,1,1,16:36
3203,Mumbai,2023-04-18,23:13,Fraud,Lajpat Nagar,27.63251753,77.82990363,9,57,1,1,20:06
3206,Mumbai,2024-10-10,16:38,Assault,Connaught Place,19.90588289,76.78875029,10,45,0,0,16:24
3209,Mumbai,2024-11-13,19:58,Fraud,Lajpat Nagar,25.76427596,75.49731601,8,47,0,1,18:56
3212,Mumbai,2023-05-03,16:08,Harassment,Dwarka,21.33337939,76.56726909,5,8,1,1,04:54
3213,Mumbai,2024-12-04,21:57,Harassment,Karol Bagh,24.20403992,76.62463613,8,25,1,1,07:01
3214,Mumbai,2023-12-18,17:48,Assault,Bandra,29.65475197,75.98066636,3,7,1,1,15:09
3216,Mumbai,2024-11-11,09:52,Assault,Dadar,28.88052112,74.42541454,9,17,1,1,23:35
3218,Mumbai,2024-04-22,11:26,Burglary,Juhu,29.91242321,77.7205619,9,30,0,0,08:06
3220,Mumbai,2024-10-11,04:57,Assault,Dadar,19.58270197,75.21322007,2,17,1,1,03:57
3221,Mumbai,2023-12-05,22:36,Burglary,Dwarka,28.4116289,73.87513363,4,57,1,1,06:42
3222,Mumbai,2023-10-16,19:27,Theft,Bandra,29.19991357,73.35236337,8,4,0,1,18:23
3223,Mumbai,2023-01-22,10:01,Harassment,Saket,19.99643893,75.0348641,6,26,1,1,11:31
3225,Mumbai,2024-07-18,04:25,Assault,Dadar,19.36491574,72.05863339,1,8,0,1,17:25
3226,Mumbai,2023-11-21,18:48,Assault,Juhu,20.14958319,76.68123943,8,5,1,0,03:32
3228,Mumbai,2024-11-04,21:09,Theft,Karol Bagh,29.67084281,77.79306495,6,5,1,0,22:20
3230,Mumbai,2024-07-06,08:05,Theft,Connaught Place,27.56408328,75.56731537,10,5,1,0,18:15
3231,Mumbai,2023-02-15,17:24,Burglary,Saket,27.53753344,74.55975224,5,3,1,1,09:56
3232,Mumbai,2024-04-15,18:24,Assault,Connaught Place,24.88581125,74.00896711,3,38,1,0,01:33
3234,Mumbai,2023-05-22,20:04,Assault,Connaught Place,25.55388286,76.69429856,5,1,1,1,08:40
3235,Mumbai,2024-04-03,06:00,Fraud,Juhu,22.46000707,72.1383167,2,8,1,1,08:53
3236,Mumbai,2024-12-08,17:30,Harassment,Juhu,25.1722112,77.81640068,6,13,1,1,04:43
3239,Mumbai,2023-01-07,21:56,Theft,Dadar,29.79899939,76.56232429,1,50,1,1,11:36
3241,Mumbai,2024-10-17,06:51,Assault,Karol Bagh,27.39729746,76.50972331,7,48,1,1,16:07
3242,Mumbai,2024-03-18,16:20,Fraud,Andheri,20.09739304,74.32062125,8,8,1,1,18:11
3243,Mumbai,2023-11-24,18:21,Theft,Juhu,27.54514506,77.39224098,2,30,0,1,00:27
3244,Mumbai,2023-02-19,03:16,Assault,Juhu,23.08558603,73.0633343,3,49,1,0,19:24
3245,Mumbai,2023-12-03,06:49,Theft,Saket,19.43329179,73.75408455,1,40,1,0,11:24
3246,Mumbai,2023-05-19,08:25,Fraud,Lajpat Nagar,22.99570796,75.30802526,7,15,0,1,19:12
3247,Mumbai,2023-09-24,17:09,Assault,Dadar,25.71707026,73.91526622,4,58,1,1,05:23
3255,Mumbai,2023-12-08,07:00,Assault,Connaught Place,27.14890301,75.09441663,1,9,1,0,02:51
3256,Mumbai,2023-05-14,00:42,Burglary,Saket,25.61618211,76.47668914,1,14,0,1,05:30
3257,Mumbai,2024-06-01,16:27,Assault,Saket,26.38807214,72.72629266,9,56,0,1,10:14
3258,Mumbai,2024-04-11,19:25,Harassment,Juhu,23.28081078,73.32965513,1,32,0,1,08:07
3261,Mumbai,2024-02-08,12:32,Assault,Andheri,21.35315158,74.35048853,4,5,1,1,19:45
3262,Mumbai,2023-03-11,06:04,Fraud,Lajpat Nagar,23.59641805,76.76112759,1,4,1,1,11:21
3264,Mumbai,2023-01-16,06:52,Burglary,Bandra,27.41622661,75.01138908,4,16,1,1,17:52
3265,Mumbai,2024-01-19,19:21,Assault,Juhu,27.40413888,75.7434422,4,10,1,0,23:49
3266,Mumbai,2024-05-08,00:03,Fraud,Lajpat Nagar,22.21690007,73.3930713,7,31,0,1,01:10
3267,Mumbai,2023-08-08,02:24,Assault,Colaba,19.89529348,76.31217232,8,31,1,1,04:57
3269,Mumbai,2024-09-26,19:41,Burglary,Juhu,23.70195587,74.68068698,8,13,1,1,02:55
3270,Mumbai,2023-02-25,08:05,Burglary,Bandra,23.51371354,76.85870416,9,4,1,1,14:31
3273,Mumbai,2023-01-02,23:20,Fraud,Lajpat Nagar,21.82060207,75.36629241,10,24,1,1,04:36
3275,Mumbai,2023-03-02,13:49,Harassment,Andheri,24.40174745,77.25035379,1,9,1,1,00:08
3276,Mumbai,2024-01-10,05:55,Assault,Karol Bagh,25.59093199,76.90549613,7,35,1,1,23:24
3278,Mumbai,2023-09-02,06:55,Fraud,Saket,23.21208048,76.51912622,4,15,1,1,18:18
3279,Mumbai,2024-07-13,18:28,Theft,Andheri,29.38646042,74.59991694,9,24,1,1,08:29
3280,Mumbai,2023-10-25,20:26,Fraud,Karol Bagh,25.48455923,75.28426652,1,31,1,1,07:49
3281,Mumbai,2024-04-28,20:09,Assault,Connaught Place,22.78952041,72.37242082,9,19,1,1,11:42
3284,Mumbai,2023-06-21,20:17,Harassment,Connaught Place,22.01389661,72.35802993,5,41,0,1,20:18
3286,Mumbai,2024-10-07,15:28,Fraud,Juhu,29.54559719,76.77499595,10,37,0,1,19:04
3287,Mumbai,2023-02-01,14:38,Theft,Saket,20.89635758,72.0068757,4,34,1,1,00:47
3288,Mumbai,2023-10-26,09:25,Burglary,Juhu,26.91630318,73.69442597,8,57,1,0,06:11
3289,Mumbai,2023-10-05,05:03,Harassment,Lajpat Nagar,25.75929109,75.50423195,,39,1,1,07:47
3290,Mumbai,2024-06-14,22:28,Burglary,Saket,26.47642644,75.57269959,2,19,1,1,22:07
3292,Mumbai,2024-03-08,12:48,Fraud,Dadar,22.45267311,75.03555753,6,23,0,1,21:47
3295,Mumbai,2024-09-21,04:22,Fraud,Saket,23.61620219,74.99174678,10,44,1,1,01:56
3296,Mumbai,2024-05-19,00:35,Fraud,Saket,21.06992111,75.65094652,4,6,1,0,13:27
3297,Mumbai,2023-03-16,02:47,Fraud,Colaba,19.09135325,77.38664441,,58,0,0,20:31
3298,Mumbai,2024-10-11,15:46,Theft,Bandra,29.67063096,74.40870605,4,59,1,1,23:16
3299,Mumbai,2024-06-01,20:52,Harassment,Dadar,23.74873277,74.31075043,4,26,1,0,15:30
3301,Mumbai,2023-07-12,12:59,Harassment,Bandra,20.54355872,75.68055757,8,45,1,0,04:48
3302,Mumbai,2023-04-21,01:10,Fraud,Karol Bagh,25.46103457,72.17863144,5,47,1,1,01:45
3305,Mumbai,2024-10-23,08:01,Assault,Andheri,27.62073288,75.29952642,9,40,1,1,01:18
3307,Mumbai,2024-10-10,16:43,Burglary,Colaba,29.03270898,76.71701053,,30,1,1,07:32
3310,Mumbai,2023-08-08,06:12,Fraud,Saket,29.84196982,75.66155073,3,53,1,0,17:11
3317,Mumbai,2023-06-01,11:58,Burglary,Connaught Place,27.72552646,73.19916178,5,33,1,0,11:41
3318,Mumbai,2023-03-10,12:06,Harassment,Andheri,20.65169009,72.08396046,8,15,1,1,07:12
3320,Mumbai,2024-01-01,02:29,Assault,Lajpat Nagar,22.55935364,76.16055481,,5,1,1,09:09
3321,Mumbai,2023-04-10,00:13,Assault,Connaught Place,22.7532228,76.75410579,7,54,1,1,04:20
3322,Mumbai,2023-04-09,05:43,Fraud,Dwarka,26.28109503,73.54019128,5,24,1,1,06:37
3324,Mumbai,2023-03-07,19:10,Fraud,Andheri,27.93236622,75.95468113,5,57,1,1,04:08
3326,Mumbai,2024-02-01,03:14,Harassment,Andheri,27.68943097,76.18395462,4,33,1,1,11:56
3329,Mumbai,2024-08-08,10:08,Fraud,Dwarka,26.21764686,76.68625873,6,57,1,1,05:29
3330,Mumbai,2024-06-22,14:31,Theft,Karol Bagh,28.40418222,76.32405815,3,52,1,1,14:16
3332,Mumbai,2024-12-03,11:24,Fraud,Karol Bagh,22.59910766,72.93056164,,28,0,1,21:21
3333,Mumbai,2023-03-05,03:12,Harassment,Colaba,24.90832823,73.60797869,1,39,1,1,01:10
3334,Mumbai,2023-04-18,06:28,Assault,Juhu,21.32730087,74.35906219,6,57,1,1,03:42
3337,Mumbai,2023-01-25,09:19,Fraud,Bandra,20.59820883,76.83214602,7,26,1,0,02:06
3338,Mumbai,2023-09-10,08:37,Fraud,Andheri,24.10212705,75.82939348,6,25,0,1,09:33
3339,Mumbai,2023-06-08,01:46,Harassment,Connaught Place,27.52310543,75.39283279,8,36,1,1,09:27
3342,Mumbai,2024-04-24,01:09,Burglary,Bandra,19.55234434,73.14709823,10,3,1,1,06:33
3343,Mumbai,2023-08-26,12:18,Burglary,Dadar,25.69557637,76.7697056,8,50,1,1,07:37
3344,Mumbai,2023-03-17,16:02,Assault,Juhu,20.67918278,77.800036,5,29,1,1,12:45
3345,Mumbai,2024-11-25,03:27,Burglary,Connaught Place,28.13641658,76.36255638,,44,0,1,17:31
3346,Mumbai,2024-08-17,08:18,Theft,Bandra,22.9099441,77.95715265,5,56,1,1,17:53
3347,Mumbai,2024-03-11,01:15,Burglary,Colaba,22.09709249,75.9063067,6,24,1,1,16:55
3349,Mumbai,2024-12-16,21:16,Burglary,Bandra,19.55158425,73.22291696,4,13,1,0,00:48
3351,Mumbai,2024-11-26,15:34,Harassment,Connaught Place,23.07003895,72.04278012,4,40,1,1,21:18
3352,Mumbai,2023-04-08,03:59,Theft,Colaba,22.13280412,76.09019082,2,27,1,1,14:21
3357,Mumbai,2023-03-25,05:04,Harassment,Juhu,24.80029046,77.7941335,4,10,1,0,11:42
3359,Mumbai,2024-04-19,05:40,Assault,Lajpat Nagar,22.44240179,76.32752458,,8,0,0,19:19
3361,Mumbai,2024-07-15,15:57,Burglary,Andheri,24.50830802,73.32598895,9,32,1,0,15:03
3362,Mumbai,2024-07-14,18:34,Fraud,Karol Bagh,24.38516997,75.00598102,3,17,0,1,12:36
3363,Mumbai,2024-08-11,05:06,Theft,Dwarka,24.01715939,74.10121155,,58,0,1,22:46
3364,Mumbai,2024-07-01,20:12,Fraud,Colaba,21.26192423,76.63143746,9,42,1,1,07:43
3365,Mumbai,2023-08-08,08:33,Assault,Karol Bagh,27.31280915,75.73489991,6,2,1,0,18:11
3366,Mumbai,2024-11-03,13:10,Burglary,Colaba,23.96469636,74.85589833,2,44,1,1,16:21
3368,Mumbai,2023-05-08,10:47,Burglary,Connaught Place,21.8688927,73.41093342,9,10,1,1,20:40
3371,Mumbai,2023-06-07,19:28,Assault,Lajpat Nagar,26.29804155,77.27172958,1,39,0,1,13:05
3373,Mumbai,2024-04-23,13:55,Theft,Bandra,28.10229056,74.448085,5,25,1,0,21:45
3375,Mumbai,2024-01-25,17:15,Theft,Dadar,25.60136334,74.27756186,7,24,1,1,18:18
3377,Mumbai,2024-07-13,16:11,Harassment,Colaba,24.89078471,72.96644507,1,30,0,1,14:41
3378,Mumbai,2023-08-21,17:43,Harassment,Karol Bagh,21.53464169,77.88269339,9,59,0,1,14:33
3379,Mumbai,2023-07-08,10:26,Assault,Dadar,27.18110496,76.22391553,1,10,1,1,21:50
3380,Mumbai,2023-12-24,00:21,Assault,Juhu,24.80864264,76.52026527,5,39,0,1,02:33
3382,Mumbai,2024-12-27,14:47,Burglary,Saket,21.95676806,76.58050689,8,18,1,1,13:13
3386,Mumbai,2024-04-15,20:27,Burglary,Andheri,21.38983141,74.93814025,4,56,1,0,07:55
3390,Mumbai,2023-08-26,01:25,Harassment,Connaught Place,28.68117334,74.09458192,1,26,1,1,20:20
3391,Mumbai,2024-06-08,15:15,Assault,Andheri,21.35357904,72.97560245,3,29,1,1,18:08
3393,Mumbai,2024-12-18,04:55,Burglary,Bandra,20.57063335,72.45941185,6,6,0,0,03:45
3394,Mumbai,2024-06-19,00:23,Assault,Saket,20.11237707,77.5194082,5,54,1,1,17:21
3397,Mumbai,2024-10-21,02:42,Harassment,Bandra,27.59071841,75.21017528,2,4,0,1,20:21
3399,Mumbai,2024-02-18,07:40,Burglary,Andheri,29.75685587,77.53127276,6,48,1,0,02:39
3400,Mumbai,2024-04-16,11:20,Burglary,Juhu,23.77862152,73.07215771,9,42,0,1,08:29
3401,Mumbai,2023-06-19,21:10,Harassment,Lajpat Nagar,20.65493406,73.77331499,7,26,1,1,06:31
3402,Mumbai,2024-11-10,02:25,Theft,Dwarka,24.12563423,77.85473602,8,15,1,0,15:36
3403,Mumbai,2023-03-04,21:55,Assault,Saket,26.46940882,74.22715792,5,13,1,1,13:08
3404,Mumbai,2023-01-27,21:23,Theft,Dwarka,28.15448359,72.1353699,10,40,1,0,12:43
3407,Mumbai,2024-04-08,14:59,Theft,Lajpat Nagar,21.94079183,77.93953885,3,13,0,0,11:18
3408,Mumbai,2024-11-17,03:43,Burglary,Lajpat Nagar,26.10508179,73.67322509,1,56,0,1,18:39
3409,Mumbai,2023-08-02,08:25,Fraud,Andheri,29.84569138,77.54125654,4,39,1,1,15:43
3411,Mumbai,2023-06-28,23:04,Burglary,Connaught Place,28.75183738,75.59904733,4,36,1,1,02:45
3413,Mumbai,2023-03-18,05:04,Fraud,Dadar,21.77308526,72.48954978,4,48,1,1,20:40
3414,Mumbai,2024-08-24,18:08,Burglary,Karol Bagh,29.50378681,74.88953433,7,25,0,1,04:51
3417,Mumbai,2023-05-14,19:02,Fraud,Connaught Place,20.99647391,74.63308686,6,25,1,0,22:41
3418,Mumbai,2024-03-20,17:37,Theft,Andheri,21.68897431,77.6044611,1,25,0,1,03:01
3419,Mumbai,2024-10-07,17:49,Assault,Lajpat Nagar,28.16133946,75.20843829,4,22,1,1,00:06
3426,Mumbai,2024-11-15,04:57,Burglary,Dadar,29.98137623,75.0755038,2,30,1,1,02:20
3427,Mumbai,2024-12-27,01:54,Burglary,Andheri,26.64461796,73.92707555,2,26,1,0,15:20
3429,Mumbai,2023-07-08,01:38,Harassment,Lajpat Nagar,28.64544441,77.89493899,5,22,1,0,03:16
3430,Mumbai,2023-10-24,22:46,Fraud,Bandra,27.59894493,72.94022609,1,39,0,1,18:49
3432,Mumbai,2023-12-19,17:27,Theft,Bandra,27.98546529,72.59322693,5,34,1,1,22:25
3435,Mumbai,2023-05-21,08:32,Burglary,Andheri,21.48963924,77.67979048,9,13,1,1,21:51
3444,Mumbai,2024-07-11,14:40,Fraud,Juhu,21.69289858,75.65676952,4,10,1,1,05:30
3445,Mumbai,2024-04-13,17:32,Assault,Andheri,21.39432464,74.53115035,7,51,1,1,21:57
3446,Mumbai,2023-01-09,14:51,Assault,Saket,20.50364582,72.1147581,10,53,1,0,20:18
3449,Mumbai,2024-08-15,02:22,Burglary,Connaught Place,26.76052927,76.67146312,4,32,1,1,13:22
3450,Mumbai,2023-02-18,05:15,Harassment,Saket,26.48234708,73.95387895,2,52,0,1,22:42
3451,Mumbai,2023-12-15,17:25,Fraud,Lajpat Nagar,22.21566642,74.85010054,8,11,1,0,04:39
3453,Mumbai,2024-03-06,15:12,Burglary,Karol Bagh,26.49665989,74.05523538,2,45,1,1,16:12
3454,Mumbai,2023-10-04,17:49,Theft,Dwarka,22.84392405,72.13110826,9,28,1,1,01:22
3456,Mumbai,2024-03-03,00:59,Fraud,Karol Bagh,23.11769769,77.33693994,,48,1,1,03:37
3460,Mumbai,2023-11-18,02:46,Fraud,Colaba,28.38422528,77.35338516,1,33,1,1,20:13
3461,Mumbai,2023-08-23,20:42,Assault,Juhu,21.4172533,76.20020425,4,54,1,0,08:13
3463,Mumbai,2023-07-23,19:34,Burglary,Dadar,27.12710181,77.20699498,4,59,0,1,07:27
3464,Mumbai,2024-08-02,15:24,Fraud,Andheri,21.32681488,73.80926408,,47,1,0,14:23
3465,Mumbai,2023-01-25,17:09,Harassment,Saket,23.32779038,74.72445687,6,58,1,1,21:28
3466,Mumbai,2024-04-08,19:36,Harassment,Bandra,19.70548777,75.15685656,3,26,0,1,21:30
3468,Mumbai,2023-01-14,15:45,Assault,Juhu,27.72192506,77.58964497,2,31,1,1,06:16
3471,Mumbai,2023-04-04,16:36,Theft,Colaba,22.6950523,77.53133091,3,25,0,1,10:34
3473,Mumbai,2023-07-17,23:02,Harassment,Dwarka,19.81589893,73.59464194,3,36,1,1,01:13
3474,Mumbai,2023-06-11,20:34,Theft,Dadar,29.91388886,75.08992713,2,49,1,0,21:04
3479,Mumbai,2023-07-21,20:50,Theft,Dwarka,27.87386245,73.44329309,6,58,1,1,08:00
3480,Mumbai,2024-01-13,07:23,Theft,Lajpat Nagar,19.18193394,73.64414816,5,45,1,1,15:58
3481,Mumbai,2023-08-08,01:44,Assault,Bandra,21.05488688,77.52442761,6,44,1,1,15:04
3485,Mumbai,2023-07-10,12:24,Burglary,Colaba,26.31945272,75.03325034,7,4,0,1,16:01
3487,Mumbai,2023-05-04,10:43,Theft,Connaught Place,21.2159113,73.03652788,4,42,0,1,21:36
3489,Mumbai,2024-11-25,01:01,Fraud,Saket,22.53487536,72.84015414,4,42,0,0,15:53
3490,Mumbai,2023-06-06,21:07,Fraud,Andheri,29.88521289,74.40487467,8,13,1,1,08:25
3493,Mumbai,2024-07-17,23:21,Fraud,Bandra,27.72128987,76.01847484,3,43,1,1,19:48
3494,Mumbai,2023-09-19,11:17,Harassment,Karol Bagh,23.75906729,77.64732981,4,53,1,1,15:53
3497,Mumbai,2024-04-20,14:37,Fraud,Juhu,23.67838965,77.5957021,8,55,0,1,23:05
3499,Mumbai,2024-08-10,04:22,Assault,Dadar,19.59993627,75.36723392,9,46,0,1,05:18
3500,Mumbai,2023-03-13,19:18,Fraud,Saket,28.26431088,75.57659117,7,52,0,1,07:23
3506,Mumbai,2024-11-27,08:50,Fraud,Juhu,19.01323975,77.42385703,8,52,1,1,11:48
3507,Mumbai,2024-01-08,12:53,Burglary,Dadar,25.77708418,77.30351038,1,56,1,0,06:24
3511,Mumbai,2023-10-28,03:21,Assault,Connaught Place,19.59066907,74.80906658,5,17,1,1,17:28
3514,Mumbai,2023-02-28,21:43,Fraud,Lajpat Nagar,25.38194007,77.37248435,5,50,1,1,06:20
3515,Mumbai,2024-02-07,10:11,Fraud,Dwarka,26.2794167,72.83022517,3,17,1,0,23:00
3519,Mumbai,2023-04-17,10:24,Fraud,Karol Bagh,19.86552023,75.11187774,1,48,1,0,15:11
3523,Mumbai,2023-10-08,22:14,Assault,Lajpat Nagar,21.82415761,74.73428019,6,42,0,1,14:53
3524,Mumbai,2024-05-19,10:33,Assault,Andheri,20.10977682,76.28365627,1,26,1,1,12:17
3527,Mumbai,2024-07-13,03:14,Theft,Lajpat Nagar,26.07224329,77.14190283,3,48,1,1,02:11
3528,Mumbai,2023-08-15,16:06,Theft,Connaught Place,28.47243267,75.27692755,7,17,1,1,21:24
3529,Mumbai,2024-09-20,17:45,Harassment,Juhu,24.35068419,74.46990478,5,16,0,1,02:16
3530,Mumbai,2024-03-27,12:23,Assault,Dwarka,20.47902745,72.64694204,3,30,0,1,19:44
3531,Mumbai,2024-01-25,11:01,Burglary,Andheri,22.18345644,74.36048146,,32,1,1,20:50
3532,Mumbai,2024-07-28,20:31,Harassment,Dadar,26.28672971,76.40361873,,14,1,1,19:13
3533,Mumbai,2023-05-20,16:16,Theft,Karol Bagh,25.74434171,77.52771847,7,48,1,1,21:25
3534,Mumbai,2023-09-24,12:54,Fraud,Juhu,24.84103443,73.51007642,7,56,0,1,21:59
3535,Mumbai,2023-05-13,17:20,Assault,Saket,26.51260861,74.1314131,9,15,1,1,07:06
3539,Mumbai,2023-12-16,21:18,Burglary,Dadar,27.56461495,75.84571332,5,5,1,1,12:44
3541,Mumbai,2023-01-28,00:12,Burglary,Colaba,26.46000843,75.32093958,,56,1,0,07:37
3542,Mumbai,2024-08-13,09:40,Theft,Bandra,28.9241353,72.53073444,7,11,1,1,01:37
3544,Mumbai,2024-07-16,21:57,Burglary,Karol Bagh,27.57014606,75.61229726,9,19,0,0,20:38
3548,Mumbai,2023-04-25,15:38,Burglary,Bandra,20.43208284,76.68549151,7,31,0,1,20:25
3550,Mumbai,2024-09-23,01:12,Fraud,Dwarka,27.92548253,77.93960971,7,44,0,1,04:45
3554,Mumbai,2023-04-16,08:50,Harassment,Colaba,22.79378092,76.72560688,2,25,1,0,12:16
3555,Mumbai,2023-06-21,01:05,Burglary,Lajpat Nagar,19.38396445,72.16635195,9,28,1,1,01:28
3556,Mumbai,2023-12-22,11:13,Assault,Lajpat Nagar,24.95805659,72.34132463,4,37,0,1,16:29
3559,Mumbai,2024-04-20,09:29,Harassment,Connaught Place,27.82112431,75.00699977,5,1,1,1,20:03
3560,Mumbai,2023-01-04,03:20,Theft,Juhu,29.06584442,74.21338766,7,2,1,1,09:53
3561,Mumbai,2023-11-23,10:12,Theft,Bandra,27.32253327,72.63370227,5,10,1,1,16:06
3562,Mumbai,2024-07-23,03:13,Burglary,Andheri,28.04664541,76.3934415,3,34,1,1,02:13
3563,Mumbai,2023-09-07,23:11,Theft,Dwarka,21.38139624,73.92611886,7,32,1,1,23:41
3564,Mumbai,2024-03-27,11:39,Burglary,Lajpat Nagar,21.89930246,73.59194442,,25,1,0,11:48
3566,Mumbai,2024-09-18,13:30,Fraud,Karol Bagh,27.41569775,75.35406536,2,55,0,1,22:46
3569,Mumbai,2023-02-21,07:51,Harassment,Dadar,28.69613441,73.62732912,4,32,1,1,20:15
3570,Mumbai,2024-03-09,13:28,Fraud,Karol Bagh,26.02569004,76.76898157,7,37,0,1,19:26
3572,Mumbai,2024-01-06,00:39,Burglary,Andheri,23.68337776,72.95302617,7,49,1,0,05:30
3573,Mumbai,2024-01-04,08:54,Theft,Karol Bagh,19.82853575,76.69463646,7,57,1,0,20:56
3577,Mumbai,2024-03-23,02:02,Theft,Andheri,25.07436575,77.03039453,10,13,1,1,17:25
3579,Mumbai,2023-09-04,14:24,Harassment,Bandra,22.05113395,73.96354424,7,3,1,0,15:44
3583,Mumbai,2023-05-28,15:35,Harassment,Colaba,28.02742922,72.11238175,1,40,1,1,18:45
3584,Mumbai,2024-08-21,01:38,Burglary,Saket,23.96280404,74.34961129,3,10,0,1,01:30
3588,Mumbai,2023-06-01,08:23,Fraud,Saket,28.79464424,74.66631016,3,11,1,1,19:48
3590,Mumbai,2023-01-02,16:33,Burglary,Saket,19.38480737,74.16969805,5,1,1,1,03:20
3597,Mumbai,2024-06-27,01:20,Harassment,Lajpat Nagar,20.71243738,77.70409162,4,21,1,1,22:52
3599,Mumbai,2024-07-20,13:50,Harassment,Colaba,27.08955428,72.19748261,6,12,1,1,04:25
3602,Mumbai,2024-12-13,09:55,Fraud,Saket,21.21875013,77.9383388,9,3,1,0,08:26
3604,Mumbai,2023-09-09,15:45,Burglary,Dwarka,21.64355169,74.80848973,1,2,0,1,02:15
3605,Mumbai,2023-06-15,10:32,Burglary,Andheri,22.94637724,75.86978262,3,28,1,1,13:48
3607,Mumbai,2023-01-21,21:17,Burglary,Lajpat Nagar,25.32623824,75.80452835,,31,1,1,17:18
3608,Mumbai,2024-01-21,17:40,Burglary,Karol Bagh,27.12011087,77.24399655,8,43,1,1,02:23
3610,Mumbai,2024-11-15,18:27,Harassment,Dadar,19.31743705,74.98126435,1,7,0,0,02:44
3615,Mumbai,2023-12-13,05:32,Theft,Karol Bagh,26.94100531,72.09783541,8,54,1,0,20:41
3618,Mumbai,2023-03-16,03:05,Assault,Andheri,27.21061156,76.93592075,10,9,1,1,11:50
3621,Mumbai,2023-08-22,04:59,Assault,Juhu,27.40396754,74.06977251,4,29,1,1,13:42
3622,Mumbai,2023-04-07,00:56,Assault,Connaught Place,29.9111928,72.62882394,7,38,1,1,11:21
3623,Mumbai,2023-11-23,01:02,Burglary,Connaught Place,22.79936328,77.7497909,2,58,0,1,17:38
3624,Mumbai,2023-02-14,04:51,Burglary,Colaba,23.52144859,77.12804322,,56,1,1,05:09
3625,Mumbai,2023-03-11,09:23,Assault,Andheri,20.82182065,72.47095455,7,39,1,1,07:44
3626,Mumbai,2024-05-08,20:14,Assault,Saket,21.24480364,76.31872357,7,22,0,1,11:23
3627,Mumbai,2024-11-16,18:41,Assault,Lajpat Nagar,26.62734503,74.08547943,3,4,1,1,04:44
3629,Mumbai,2024-02-26,07:08,Assault,Bandra,23.34065447,73.81439112,6,7,1,1,17:31
3630,Mumbai,2024-04-19,20:56,Theft,Bandra,20.97828892,73.43243067,4,40,1,1,21:01
3631,Mumbai,2023-11-11,03:51,Burglary,Saket,22.13609449,75.40734329,1,8,1,1,13:12
3634,Mumbai,2024-04-08,06:00,Burglary,Connaught Place,21.56936991,76.25641662,9,57,1,0,04:35
3635,Mumbai,2024-02-10,10:21,Harassment,Saket,27.09582938,72.3684395,8,35,0,0,22:11
3636,Mumbai,2023-02-03,15:02,Assault,Dadar,19.08629413,77.51360846,1,9,1,0,19:59
3639,Mumbai,2024-03-28,13:35,Assault,Bandra,21.92851115,74.9448435,,39,0,1,04:34
3641,Mumbai,2023-05-02,21:06,Assault,Karol Bagh,26.35790116,77.83984248,10,21,1,1,19:31
3644,Mumbai,2023-09-22,16:33,Fraud,Colaba,22.81235787,72.76271575,3,2,0,0,06:22
3645,Mumbai,2023-02-13,19:24,Assault,Connaught Place,28.1951648,75.03702051,,44,1,1,19:41
3646,Mumbai,2023-09-28,12:37,Harassment,Connaught Place,27.34290553,75.17497861,3,40,1,0,13:19
3647,Mumbai,2024-06-05,19:45,Harassment,Lajpat Nagar,22.53380691,75.08667857,7,30,1,1,15:10
3651,Mumbai,2023-10-11,07:27,Fraud,Andheri,25.41156297,76.27436581,,13,1,1,08:26
3653,Mumbai,2023-05-28,20:50,Fraud,Saket,22.70619562,75.42143665,7,32,1,1,11:20
3655,Mumbai,2023-08-10,09:41,Fraud,Colaba,22.23782983,76.09470252,7,24,0,0,21:09
3656,Mumbai,2024-01-26,13:09,Assault,Lajpat Nagar,27.39638885,72.51238615,1,42,1,1,16:15
3658,Mumbai,2023-12-26,04:23,Assault,Juhu,21.70409846,73.6845117,10,30,1,1,00:59
3659,Mumbai,2023-12-24,16:47,Theft,Karol Bagh,27.01704398,75.04201794,3,53,1,0,03:35
3661,Mumbai,2024-12-13,11:18,Harassment,Saket,23.37199318,76.23387562,4,41,1,1,21:03
3662,Mumbai,2024-11-28,06:04,Fraud,Andheri,21.31462532,72.71341811,3,29,1,0,16:34
3663,Mumbai,2023-01-18,16:13,Assault,Juhu,24.73397888,75.54710872,6,34,1,1,01:59
3666,Mumbai,2024-07-03,03:47,Fraud,Dadar,20.90214747,77.11744253,10,25,1,1,23:19
3668,Mumbai,2023-12-28,02:08,Fraud,Dwarka,23.6992333,76.64401988,6,10,0,1,00:47
3669,Mumbai,2024-02-05,06:38,Burglary,Connaught Place,25.50681677,73.69174996,3,10,1,1,21:21
3670,Mumbai,2024-10-28,04:56,Harassment,Dwarka,27.07470439,73.72733358,10,8,0,1,17:07
3671,Mumbai,2023-12-10,20:00,Harassment,Karol Bagh,24.66442087,77.43611673,5,14,1,1,20:00
3672,Mumbai,2024-11-06,20:19,Harassment,Dwarka,27.95382372,74.15899219,9,45,1,1,10:33
3674,Mumbai,2024-05-05,01:24,Theft,Saket,25.76580674,75.60358022,2,32,1,1,00:35
3677,Mumbai,2023-06-24,07:26,Burglary,Bandra,29.29496144,75.85047866,3,32,1,0,13:31
3678,Mumbai,2023-11-26,08:31,Theft,Andheri,20.50661636,77.24835903,4,3,1,0,19:31
3682,Mumbai,2023-02-17,00:34,Harassment,Juhu,26.937926,76.6473615,4,23,0,1,06:28
3684,Mumbai,2023-11-24,15:25,Burglary,Connaught Place,28.64729998,77.83419291,9,16,1,0,23:35
3685,Mumbai,2024-04-02,16:45,Theft,Dwarka,20.9907037,76.4144427,3,36,0,1,13:24
3686,Mumbai,2023-04-13,02:42,Harassment,Andheri,27.76984928,72.0929995,5,35,1,1,06:53
3688,Mumbai,2023-11-24,05:57,Theft,Andheri,22.61099523,72.60482871,9,47,1,1,20:18
3689,Mumbai,2024-12-26,11:30,Assault,Andheri,20.74063189,72.84314235,5,50,0,1,12:48
3690,Mumbai,2023-08-28,14:20,Theft,Saket,20.84375682,76.4069544,10,54,1,1,10:15
3691,Mumbai,2024-05-21,08:47,Fraud,Andheri,26.2807961,77.18981136,2,7,0,1,07:14
3692,Mumbai,2024-06-01,11:35,Burglary,Saket,25.05473427,75.21809777,10,52,1,1,09:52
3694,Mumbai,2023-08-21,15:08,Burglary,Dwarka,20.23967646,74.10789327,7,8,1,1,08:47
3695,Mumbai,2023-01-19,12:09,Burglary,Bandra,19.79541632,74.05733598,1,25,1,0,18:26
3697,Mumbai,2023-10-06,10:09,Harassment,Dwarka,26.83070294,73.45745803,9,10,0,0,15:36
3699,Mumbai,2024-05-19,16:52,Harassment,Dadar,25.16297083,77.40243191,9,33,1,0,22:27
3702,Mumbai,2023-07-27,21:35,Burglary,Connaught Place,28.97829161,77.031466,7,27,1,1,02:22
3703,Mumbai,2023-07-18,07:46,Assault,Lajpat Nagar,26.68056289,76.45069999,,53,1,1,00:11
3704,Mumbai,2024-02-17,03:25,Burglary,Juhu,29.18807814,77.58502219,9,3,1,0,06:31
3708,Mumbai,2024-06-04,20:30,Theft,Dadar,22.36665118,75.68660193,9,8,0,1,07:18
3711,Mumbai,2023-09-09,06:12,Fraud,Saket,25.91344973,73.08227861,,42,1,1,03:38
3714,Mumbai,2023-07-22,06:59,Assault,Saket,24.14866949,74.5962387,1,46,1,1,20:00
3716,Mumbai,2023-09-26,18:11,Theft,Dwarka,25.47508037,74.70714768,6,35,0,0,04:48
3717,Mumbai,2024-11-18,00:20,Fraud,Colaba,29.15493631,74.00159749,10,13,1,1,13:01
3718,Mumbai,2024-03-19,05:11,Harassment,Lajpat Nagar,27.22898302,73.82163028,1,20,1,1,19:30
3719,Mumbai,2024-12-11,04:36,Harassment,Karol Bagh,26.33069276,74.46541235,2,24,1,1,20:36
3720,Mumbai,2024-10-18,18:58,Fraud,Juhu,25.40993624,72.13853774,3,57,1,1,13:10
3723,Mumbai,2023-03-10,05:06,Fraud,Juhu,28.84181501,74.12776257,5,30,1,1,18:31
3724,Mumbai,2023-03-20,23:27,Assault,Dwarka,21.73389602,72.27619882,9,25,0,1,14:15
3726,Mumbai,2024-03-24,18:04,Burglary,Connaught Place,27.25016697,73.58218953,8,55,1,1,00:36
3727,Mumbai,2024-02-18,20:19,Assault,Dadar,20.93177088,72.75972673,8,55,1,1,17:48
3728,Mumbai,2024-05-13,07:35,Harassment,Bandra,23.09085599,74.21851505,2,8,1,1,23:59
3731,Mumbai,2024-12-05,05:20,Fraud,Dadar,20.90523994,75.44821922,10,28,1,1,17:05
3732,Mumbai,2023-02-21,20:23,Assault,Lajpat Nagar,19.59851141,74.49335997,4,12,0,1,14:48
3735,Mumbai,2023-07-27,17:13,Theft,Saket,23.10646947,76.34922303,6,49,1,0,12:27
3736,Mumbai,2023-06-26,10:35,Assault,Colaba,28.62034124,75.67202338,10,29,1,1,11:13
3740,Mumbai,2024-02-11,20:29,Theft,Bandra,25.82615115,76.88049249,1,7,1,1,16:28
3742,Mumbai,2024-03-28,15:14,Harassment,Connaught Place,25.74611682,75.57186451,6,19,0,1,23:38
3747,Mumbai,2024-10-27,08:55,Theft,Connaught Place,22.28970741,74.40605892,5,26,1,1,03:15
3748,Mumbai,2024-02-17,08:36,Burglary,Andheri,22.95080332,76.89675344,2,2,1,1,03:51
3750,Mumbai,2024-09-09,22:46,Fraud,Bandra,25.72436069,76.97246559,5,48,1,1,17:16
3755,Mumbai,2023-05-01,18:11,Assault,Connaught Place,20.96102289,77.00425361,9,30,1,0,18:20
3758,Mumbai,2024-01-24,10:15,Fraud,Juhu,24.29491415,76.45690014,1,19,0,0,15:30
3762,Mumbai,2023-08-12,15:46,Assault,Karol Bagh,21.75410356,72.10569904,3,39,0,0,02:09
3764,Mumbai,2024-07-17,15:45,Burglary,Andheri,27.78911408,73.70875193,9,50,0,1,08:32
3767,Mumbai,2024-02-21,16:15,Harassment,Andheri,24.00397263,73.45438726,7,25,0,0,02:50
3770,Mumbai,2023-02-24,21:48,Assault,Connaught Place,20.91792378,74.80273856,10,45,0,0,18:53
3771,Mumbai,2024-09-16,03:08,Fraud,Karol Bagh,27.707313,74.35276888,1,35,1,1,16:30
3772,Mumbai,2023-07-22,11:25,Theft,Andheri,29.50955581,76.34322623,9,28,1,1,10:23
3773,Mumbai,2023-08-16,23:50,Harassment,Lajpat Nagar,23.5500923,77.45768278,1,38,1,1,15:37
3774,Mumbai,2023-07-01,23:55,Fraud,Bandra,29.47662764,72.15021802,1,58,1,0,21:34
3776,Mumbai,2024-12-18,06:11,Fraud,Karol Bagh,24.2915624,75.66468814,5,53,1,1,23:11
3780,Mumbai,2023-03-03,19:51,Harassment,Bandra,19.63850971,77.6605642,1,28,0,1,01:20
3781,Mumbai,2024-03-17,21:56,Assault,Connaught Place,26.65889823,73.59589524,6,52,1,1,18:00
3783,Mumbai,2024-07-06,16:32,Harassment,Karol Bagh,27.98793442,77.74494319,6,23,1,1,11:47
3784,Mumbai,2024-02-11,18:28,Assault,Lajpat Nagar,28.07441622,74.75177092,4,14,1,1,03:28
3785,Mumbai,2023-09-28,11:43,Assault,Colaba,21.60785016,73.24978634,10,28,0,0,07:24
3786,Mumbai,2023-05-10,06:44,Fraud,Colaba,22.56029059,76.24198178,9,14,1,1,10:35
3789,Mumbai,2024-04-10,11:42,Burglary,Dadar,22.16089028,77.27549426,4,32,1,1,23:36
3791,Mumbai,2024-01-12,05:15,Fraud,Juhu,22.27565781,72.38635768,,59,1,1,07:17
3792,Mumbai,2023-10-15,20:34,Assault,Dwarka,19.61039793,73.61511864,6,41,1,1,09:59
3796,Mumbai,2023-02-14,00:17,Fraud,Juhu,29.57574444,75.76402266,8,15,0,0,15:06
3798,Mumbai,2023-07-04,12:41,Harassment,Andheri,24.63952349,73.37921755,1,42,1,1,19:14
3801,Mumbai,2024-06-10,18:20,Fraud,Colaba,20.59120392,76.06059925,5,36,1,1,13:21
3802,Mumbai,2024-07-06,03:29,Burglary,Andheri,25.72335764,74.58404143,8,40,0,1,07:12
3803,Mumbai,2024-02-15,02:22,Harassment,Saket,29.26584534,72.68808745,8,30,0,1,11:56
3804,Mumbai,2024-03-05,05:13,Theft,Andheri,21.15268393,76.28558078,2,38,1,1,06:56
3805,Mumbai,2024-12-14,23:36,Assault,Dwarka,27.4102009,73.30657571,3,23,1,1,22:23
3806,Mumbai,2023-06-28,02:01,Harassment,Dadar,19.25852665,73.05974056,2,11,1,1,19:30
3807,Mumbai,2023-02-07,04:41,Harassment,Andheri,23.13046965,74.14993757,1,25,1,1,10:59
3808,Mumbai,2024-01-05,18:10,Theft,Bandra,20.21823359,75.91974147,2,45,1,1,18:42
3810,Mumbai,2024-01-06,23:22,Assault,Connaught Place,20.90890612,73.10196923,6,43,1,1,18:25
3811,Mumbai,2023-08-22,21:01,Harassment,Lajpat Nagar,23.10635489,72.05972175,1,2,1,1,05:32
3813,Mumbai,2024-09-16,06:30,Harassment,Juhu,22.30650235,74.57187342,1,47,1,1,22:07
3816,Mumbai,2024-03-04,06:03,Theft,Karol Bagh,23.40654912,74.57553525,6,57,1,1,15:35
3818,Mumbai,2023-06-17,06:58,Harassment,Colaba,21.97795034,76.29169279,1,37,1,1,20:20
3822,Mumbai,2023-07-16,21:37,Harassment,Connaught Place,20.64600394,74.04847352,9,23,1,1,22:50
3823,Mumbai,2024-05-16,15:05,Burglary,Dadar,23.94700039,77.94238678,4,46,1,1,15:12
3826,Mumbai,2023-04-09,01:40,Assault,Dadar,28.7247712,74.12356606,3,57,1,1,01:37
3827,Mumbai,2023-05-23,04:46,Assault,Colaba,19.92292796,74.13456429,8,52,1,1,15:29
3830,Mumbai,2023-12-24,03:55,Assault,Juhu,23.51854798,77.95290861,10,58,1,1,16:46
3831,Mumbai,2023-04-28,21:59,Fraud,Andheri,28.64532798,75.6810881,6,3,0,1,07:55
3832,Mumbai,2023-04-04,22:29,Theft,Connaught Place,24.80265972,74.77953963,9,9,1,0,13:54
3833,Mumbai,2023-07-02,13:29,Assault,Connaught Place,22.67636823,72.54044318,3,8,1,1,12:26
3834,Mumbai,2024-04-05,21:08,Assault,Andheri,21.2867719,77.97936852,6,47,1,1,00:36
3836,Mumbai,2023-02-28,19:49,Fraud,Saket,25.86969817,76.20286482,2,33,1,1,18:31
3838,Mumbai,2024-12-21,02:07,Assault,Karol Bagh,21.39232789,75.28629425,2,9,0,1,10:59
3840,Mumbai,2024-08-02,12:06,Burglary,Saket,29.55827769,72.99851663,10,17,0,0,01:43
3841,Mumbai,2024-11-02,04:58,Fraud,Saket,24.72098931,73.75423551,7,41,1,0,20:18
3844,Mumbai,2024-04-11,23:02,Harassment,Colaba,27.56887356,72.37227156,8,5,0,1,14:45
3845,Mumbai,2023-03-02,14:08,Assault,Lajpat Nagar,22.7411983,72.4897899,2,30,1,1,04:38
3846,Mumbai,2023-01-22,23:21,Fraud,Andheri,20.96576733,73.79096468,7,11,1,1,12:10
3847,Mumbai,2024-04-10,21:47,Assault,Bandra,25.4342973,75.08512909,3,28,0,1,19:57
3848,Mumbai,2024-05-20,16:48,Fraud,Connaught Place,26.31724514,74.4376488,9,38,1,1,23:49
3851,Mumbai,2024-05-04,19:47,Assault,Juhu,23.08291533,77.71721712,2,23,1,1,00:59
3855,Mumbai,2024-04-21,13:24,Harassment,Andheri,25.85583261,73.42486017,4,25,1,1,04:25
3857,Mumbai,2024-02-04,17:00,Fraud,Lajpat Nagar,25.0116508,74.94691905,8,19,1,1,14:33
3859,Mumbai,2023-01-19,14:41,Burglary,Bandra,27.30657355,73.74737597,5,13,0,1,09:24
3861,Mumbai,2024-02-03,09:49,Harassment,Karol Bagh,25.08273145,74.88877751,1,7,1,0,10:39
3862,Mumbai,2024-05-24,16:06,Fraud,Karol Bagh,24.37417277,75.92908837,4,26,1,1,09:42
3864,Mumbai,2023-01-05,09:11,Harassment,Saket,19.92346828,75.20104598,8,27,1,1,11:27
3865,Mumbai,2023-07-18,03:05,Assault,Connaught Place,22.7352133,73.9078563,3,58,1,1,15:07
3866,Mumbai,2024-09-12,09:01,Assault,Andheri,22.41930771,75.15848166,5,59,1,1,02:29
3867,Mumbai,2024-08-21,17:43,Harassment,Bandra,29.49022096,76.684955,3,8,0,1,14:20
3868,Mumbai,2023-07-03,12:40,Theft,Saket,27.61985017,76.61347926,7,31,0,1,06:37
3869,Mumbai,2024-07-17,16:08,Harassment,Lajpat Nagar,26.25916725,74.12532407,10,35,1,1,17:53
3870,Mumbai,2023-03-20,10:55,Theft,Andheri,24.69412898,76.1656627,3,27,1,1,23:50
3871,Mumbai,2024-12-05,00:36,Fraud,Saket,20.84104284,77.6477397,7,4,1,1,14:10
3874,Mumbai,2024-08-22,19:18,Fraud,Colaba,20.17618163,76.07825178,9,18,1,1,17:05
3875,Mumbai,2023-03-15,12:08,Burglary,Dadar,24.43178785,72.62942632,5,23,1,1,22:56
3879,Mumbai,2023-03-19,11:22,Fraud,Saket,28.74925319,72.34203957,10,20,1,1,16:42
3881,Mumbai,2023-09-15,02:51,Assault,Saket,19.428696,77.41924001,5,45,0,1,00:31
3882,Mumbai,2024-05-28,23:47,Assault,Bandra,28.32569297,72.12589798,3,12,1,1,10:45
3884,Mumbai,2024-09-04,06:45,Burglary,Bandra,25.55854188,77.58694855,6,54,0,1,06:44
3885,Mumbai,2023-04-02,21:36,Burglary,Dwarka,25.31877133,74.369046,3,22,0,1,17:51
3886,Mumbai,2023-05-02,19:22,Fraud,Saket,27.944323,74.56905412,1,27,1,1,00:23
3887,Mumbai,2023-05-05,04:49,Fraud,Bandra,27.64940508,75.47136033,10,41,1,1,06:47
3890,Mumbai,2023-01-21,00:49,Burglary,Connaught Place,29.64411802,72.11133323,2,17,0,0,15:09
3891,Mumbai,2024-11-20,03:14,Fraud,Connaught Place,29.95761514,75.65886995,10,59,1,1,13:33
3893,Mumbai,2024-12-05,04:17,Theft,Juhu,28.34498136,72.6381848,7,32,0,1,19:23
3895,Mumbai,2024-01-21,11:35,Theft,Juhu,23.26322972,74.22137691,1,31,1,1,14:47
3896,Mumbai,2023-06-08,10:34,Harassment,Lajpat Nagar,25.74379541,76.85245337,4,55,0,0,22:01
3901,Mumbai,2023-08-08,02:56,Theft,Andheri,23.69028884,75.36448247,10,32,1,1,14:11
3903,Mumbai,2024-03-15,04:01,Burglary,Connaught Place,23.71420222,74.20613714,9,16,0,1,04:34
3906,Mumbai,2024-02-16,03:23,Fraud,Karol Bagh,24.71398043,72.29347095,10,3,1,1,07:35
3911,Mumbai,2023-03-27,05:38,Harassment,Connaught Place,24.87092727,75.43282648,,17,0,1,10:14
3912,Mumbai,2024-11-20,19:03,Assault,Colaba,22.72328561,72.77935696,9,46,1,1,14:36
3916,Mumbai,2023-12-17,18:01,Fraud,Dwarka,19.6227647,74.79714622,7,1,1,1,18:10
3917,Mumbai,2023-12-25,13:14,Harassment,Bandra,20.86871163,77.78675561,1,1,1,1,09:05
3918,Mumbai,2023-10-04,04:08,Theft,Lajpat Nagar,22.13827493,77.27419183,9,35,1,1,07:30
3919,Mumbai,2024-07-01,09:33,Assault,Karol Bagh,22.10888167,75.86658296,9,9,0,0,03:30
3923,Mumbai,2023-01-26,05:52,Fraud,Saket,21.91876722,74.36545193,6,4,1,0,01:53
3925,Mumbai,2024-12-03,20:00,Fraud,Saket,24.80700811,74.44206475,10,19,0,1,16:13
3926,Mumbai,2023-03-16,07:44,Assault,Karol Bagh,21.37518161,75.44346844,9,37,0,1,01:26
3930,Mumbai,2024-11-18,03:01,Assault,Andheri,28.34364496,75.18880498,5,42,0,1,13:49
3931,Mumbai,2023-01-27,19:23,Assault,Lajpat Nagar,25.77428284,72.40605098,4,55,1,0,16:59
3934,Mumbai,2024-03-01,20:28,Fraud,Andheri,26.77363818,76.53141919,3,38,1,1,06:34
3936,Mumbai,2024-07-05,09:39,Burglary,Juhu,28.8245259,77.62909891,6,23,1,1,10:42
3937,Mumbai,2024-11-10,02:23,Theft,Juhu,22.76676089,72.45961745,4,46,1,0,13:02
3942,Mumbai,2024-02-12,05:15,Fraud,Connaught Place,21.19408956,74.15382258,7,39,1,1,07:47
3943,Mumbai,2023-01-20,08:30,Burglary,Dwarka,19.66846195,75.23453403,2,50,0,1,10:18
3944,Mumbai,2023-03-14,03:08,Fraud,Andheri,21.60862881,76.78063716,10,10,0,1,03:51
3946,Mumbai,2024-03-22,13:00,Harassment,Lajpat Nagar,27.03622897,74.40738,4,13,1,1,23:48
3953,Mumbai,2024-03-13,23:50,Assault,Saket,29.80491017,75.23454087,8,10,1,1,22:52
3955,Mumbai,2024-02-04,07:06,Burglary,Karol Bagh,19.68694291,75.23713766,3,15,1,1,20:39
3956,Mumbai,2024-12-09,14:25,Burglary,Karol Bagh,19.38676785,73.0979863,,13,1,1,23:32
3960,Mumbai,2024-07-16,16:02,Theft,Dwarka,24.62635446,72.89219591,8,24,1,1,10:51
3962,Mumbai,2024-03-26,16:06,Harassment,Dadar,29.12974774,73.1206105,1,50,0,0,14:09
3965,Mumbai,2024-09-18,03:09,Harassment,Lajpat Nagar,29.39363206,74.72245055,4,24,1,1,09:48
3966,Mumbai,2023-07-03,18:01,Burglary,Dwarka,19.06741512,77.10861023,1,29,1,1,11:50
3968,Mumbai,2023-12-03,10:45,Fraud,Andheri,19.27121661,72.19746478,10,43,0,1,04:02
3969,Mumbai,2023-06-01,01:29,Harassment,Lajpat Nagar,28.99562043,73.77704589,7,45,1,0,16:01
3970,Mumbai,2023-01-12,02:12,Fraud,Saket,24.70248299,77.22552397,,35,1,1,04:18
3971,Mumbai,2024-03-04,16:02,Assault,Dwarka,19.82438414,72.10995701,1,1,1,1,03:01
3972,Mumbai,2023-06-12,13:28,Harassment,Colaba,20.21304401,75.27152068,,36,1,1,09:05
3975,Mumbai,2023-04-27,22:14,Theft,Connaught Place,26.62200067,76.56319321,4,6,1,1,09:37
3978,Mumbai,2023-07-24,09:23,Harassment,Dwarka,19.4753507,76.92923917,3,7,1,1,00:33
3980,Mumbai,2024-01-23,15:19,Burglary,Dwarka,19.1889029,74.41451097,5,8,1,1,13:49
3981,Mumbai,2023-11-19,06:51,Theft,Juhu,29.42416818,74.83145466,5,13,1,0,21:52
3983,Mumbai,2023-01-05,03:45,Theft,Juhu,19.11099446,77.25783618,8,18,0,1,10:40
3984,Mumbai,2024-03-03,06:01,Fraud,Karol Bagh,26.58072955,73.63331281,5,14,1,1,11:40
3985,Mumbai,2023-02-01,00:36,Assault,Lajpat Nagar,29.78594334,74.05246078,5,11,1,0,12:27
3986,Mumbai,2024-03-25,13:11,Theft,Dadar,29.62188295,77.58443638,7,42,0,1,02:14
3987,Mumbai,2023-08-24,11:34,Burglary,Dadar,20.77030712,75.47107075,2,38,1,1,20:18
3990,Mumbai,2024-08-26,13:45,Fraud,Karol Bagh,26.01035309,77.94457293,5,42,1,0,21:41
3991,Mumbai,2023-05-04,13:38,Burglary,Bandra,27.13359705,76.94072139,6,44,0,1,11:02
3993,Mumbai,2023-10-25,00:13,Fraud,Colaba,29.54907795,73.24827993,1,50,1,1,09:21
3995,Mumbai,2023-07-27,00:21,Burglary,Saket,28.31751611,75.15473306,9,25,1,0,01:41
3996,Mumbai,2024-11-15,06:42,Harassment,Karol Bagh,24.94072287,77.33574013,1,24,0,1,17:37
3997,Mumbai,2024-10-17,06:38,Burglary,Dwarka,23.55704532,73.97896698,4,29,1,1,04:08
3998,Mumbai,2024-12-08,12:10,Theft,Andheri,29.74901197,72.37230632,8,36,1,1,20:30
3999,Mumbai,2024-03-09,14:59,Theft,Colaba,25.40333508,74.85585581,2,6,1,1,00:25
4000,Mumbai,2023-09-13,08:53,Assault,Lajpat Nagar,28.53560941,73.61902563,8,18,1,1,18:39
4001,Mumbai,2023-12-07,13:56,Harassment,Karol Bagh,29.48621636,76.29137574,10,28,1,1,21:02
4005,Mumbai,2024-06-21,02:33,Harassment,Juhu,19.44021605,74.71814408,9,7,1,0,07:21
4006,Mumbai,2024-07-06,07:53,Fraud,Dadar,21.20936338,76.62984442,4,55,1,0,13:41
4007,Mumbai,2023-06-21,04:44,Burglary,Andheri,21.04609275,77.05826062,8,9,1,1,11:47
4008,Mumbai,2024-04-09,15:01,Fraud,Juhu,21.80234675,76.26525377,9,35,1,0,22:54
4009,Mumbai,2023-02-03,01:03,Fraud,Karol Bagh,22.35428101,75.04666372,3,12,1,0,20:52
4010,Mumbai,2024-10-25,08:25,Burglary,Karol Bagh,22.96072043,75.75519666,6,52,0,1,16:02
4011,Mumbai,2024-01-08,13:27,Burglary,Andheri,23.62591459,76.20304197,3,57,1,1,21:14
4013,Mumbai,2023-02-07,10:40,Burglary,Connaught Place,19.46598125,76.85747557,10,40,0,1,06:35
4016,Mumbai,2023-05-03,03:03,Assault,Karol Bagh,23.88558622,76.2064031,3,24,0,1,04:55
4017,Mumbai,2023-10-26,14:37,Assault,Lajpat Nagar,25.97883935,76.42215543,4,9,1,0,05:19
4020,Mumbai,2023-06-25,08:02,Assault,Lajpat Nagar,26.05231412,77.28988773,10,37,1,1,23:06
4021,Mumbai,2024-07-17,00:47,Fraud,Saket,29.48929446,74.69356026,4,9,1,1,15:02
4023,Mumbai,2024-12-12,18:15,Burglary,Dwarka,23.68600892,77.06733825,3,46,0,1,07:15
4024,Mumbai,2023-12-22,17:49,Fraud,Saket,26.09188522,76.04388763,6,52,0,1,11:04
4025,Mumbai,2023-06-14,17:04,Assault,Karol Bagh,20.94778014,77.09555176,,22,1,1,09:55
4029,Mumbai,2023-05-06,22:17,Harassment,Connaught Place,29.20402129,72.88636984,3,57,1,1,20:55
4030,Mumbai,2023-11-15,18:00,Theft,Bandra,23.48068413,76.85791399,3,47,1,1,19:40
4034,Mumbai,2024-08-26,05:02,Burglary,Colaba,25.45430276,76.00439175,1,32,1,1,19:02
4037,Mumbai,2024-01-23,01:51,Harassment,Juhu,28.02938635,74.48110113,3,15,1,1,11:13
4038,Mumbai,2024-04-07,18:19,Assault,Juhu,22.03302601,74.65714986,6,27,1,0,18:58
4039,Mumbai,2023-03-19,20:53,Assault,Karol Bagh,27.76203409,72.49363134,3,34,0,0,22:35
4041,Mumbai,2023-03-25,15:59,Burglary,Bandra,21.13758989,77.21509718,,49,1,1,22:55
4042,Mumbai,2024-09-28,12:50,Assault,Bandra,29.71329132,77.98745593,7,48,1,1,23:35
4044,Mumbai,2024-06-06,15:40,Theft,Dadar,25.61513833,76.50714982,1,21,0,0,23:26
4047,Mumbai,2024-02-03,14:37,Fraud,Dadar,29.06165318,75.89839709,9,6,1,1,10:06
4048,Mumbai,2023-12-25,14:43,Assault,Bandra,26.41885179,77.40725242,5,54,1,1,09:00
4049,Mumbai,2024-05-16,03:52,Burglary,Andheri,23.44106305,76.98475634,4,20,1,1,21:36
4050,Mumbai,2024-08-21,13:24,Burglary,Saket,28.48618423,77.63079878,8,2,1,0,12:07
4051,Mumbai,2023-02-19,19:35,Fraud,Dadar,20.99169189,77.21300084,5,51,0,1,23:28
4052,Mumbai,2024-01-12,23:18,Burglary,Connaught Place,24.98660433,77.21216337,1,45,1,0,01:36
4055,Mumbai,2024-06-03,04:13,Theft,Bandra,27.98665296,75.64487037,,21,0,1,02:31
4057,Mumbai,2024-11-02,01:31,Assault,Lajpat Nagar,28.2330795,72.33908775,6,59,1,1,16:07
4061,Mumbai,2023-05-13,05:48,Fraud,Bandra,24.32389825,76.09037062,3,1,0,0,07:57
4063,Mumbai,2023-04-13,05:13,Assault,Lajpat Nagar,21.49910379,76.95262149,1,53,1,1,20:34
4069,Mumbai,2024-06-03,03:39,Assault,Connaught Place,21.11833707,77.82663305,6,12,1,0,03:24
4070,Mumbai,2024-06-20,14:51,Theft,Bandra,22.91698641,75.44350466,3,26,1,1,08:20
4075,Mumbai,2023-06-19,21:08,Theft,Karol Bagh,20.80525884,72.21302021,6,12,0,1,03:09
4077,Mumbai,2024-01-26,14:03,Fraud,Dwarka,22.62704218,73.65225409,10,55,1,1,13:06
4079,Mumbai,2023-01-07,17:54,Burglary,Karol Bagh,21.25303372,72.45866405,4,36,1,0,12:37
4082,Mumbai,2023-02-05,01:53,Theft,Saket,27.51686625,72.25034876,8,42,1,1,05:50
4086,Mumbai,2023-11-09,21:40,Harassment,Karol Bagh,28.99945035,73.87996699,6,10,1,1,18:19
4089,Mumbai,2024-03-07,02:15,Assault,Bandra,21.45313906,75.03644339,6,10,1,1,17:03
4090,Mumbai,2024-07-16,11:43,Fraud,Dadar,24.78194131,72.51128452,9,8,1,1,20:36
4091,Mumbai,2024-09-23,22:48,Assault,Connaught Place,20.00375626,72.27911098,10,52,0,0,20:32
4095,Mumbai,2023-02-24,18:28,Assault,Saket,22.63999441,74.54347552,5,47,1,1,07:41
4098,Mumbai,2024-03-16,14:01,Fraud,Saket,21.26619145,76.89369549,1,13,1,1,15:06
4099,Mumbai,2024-02-26,23:53,Burglary,Colaba,26.20314494,77.23148393,9,44,0,1,13:02
4100,Mumbai,2024-05-17,17:32,Theft,Dadar,19.47736364,77.83576645,5,35,1,1,08:11
4101,Mumbai,2023-08-27,20:37,Burglary,Bandra,19.73058045,76.57947944,1,55,1,1,12:52
4102,Mumbai,2023-11-15,09:59,Burglary,Saket,25.07011047,75.65044753,10,51,1,0,02:16
4104,Mumbai,2023-07-23,00:52,Burglary,Dadar,19.24581467,73.08985942,7,56,1,1,02:57
4107,Mumbai,2023-11-19,08:19,Fraud,Saket,26.7367505,74.80415211,5,53,1,1,08:16
4108,Mumbai,2023-06-27,17:08,Fraud,Colaba,21.22726421,76.34207621,,37,0,1,03:23
4109,Mumbai,2024-01-10,05:48,Fraud,Karol Bagh,26.35085381,74.9705547,2,56,0,1,05:27
4111,Mumbai,2023-12-16,11:33,Assault,Colaba,25.74803169,74.46183368,1,6,1,1,11:43
4112,Mumbai,2024-07-14,16:47,Theft,Bandra,23.53155648,75.0277481,9,48,1,1,21:32
4113,Mumbai,2024-06-27,07:36,Harassment,Connaught Place,26.1917946,74.20137397,2,42,1,1,23:40
4114,Mumbai,2024-09-25,14:32,Assault,Dwarka,29.94558028,76.49263993,1,16,1,1,04:38
4115,Mumbai,2024-02-06,11:28,Burglary,Colaba,29.31598662,77.24563216,7,35,1,1,13:47
4119,Mumbai,2024-05-28,17:02,Theft,Karol Bagh,29.48351245,74.04930739,7,57,1,1,21:43
4120,Mumbai,2024-11-10,13:30,Fraud,Lajpat Nagar,22.10008247,73.85584599,9,23,1,1,18:51
4121,Mumbai,2023-02-26,10:30,Theft,Saket,23.20238313,76.36053634,7,47,0,0,03:53
4123,Mumbai,2023-10-14,05:53,Assault,Dadar,20.23500034,72.31779843,1,59,1,1,23:52
4124,Mumbai,2023-08-24,06:24,Harassment,Saket,26.99414622,74.24170663,9,57,0,1,14:35
4125,Mumbai,2023-11-15,18:05,Burglary,Karol Bagh,29.38765459,76.3287936,10,29,0,1,01:16
4127,Mumbai,2024-04-08,12:05,Harassment,Connaught Place,26.87435017,75.77735434,2,56,0,0,15:53
4129,Mumbai,2023-04-28,02:59,Burglary,Karol Bagh,21.89095702,76.40241607,4,27,1,0,00:38
4133,Mumbai,2023-09-10,05:38,Fraud,Dwarka,21.65610651,73.91355429,3,9,1,1,07:38
4134,Mumbai,2024-11-09,21:27,Theft,Lajpat Nagar,19.68549498,74.59300353,4,18,1,1,12:59
4137,Mumbai,2023-01-01,14:46,Assault,Saket,29.06366219,73.8947123,5,21,1,1,05:52
4138,Mumbai,2023-06-27,12:37,Assault,Colaba,20.54293935,76.67905549,8,56,1,1,15:42
4140,Mumbai,2024-04-18,15:42,Fraud,Andheri,25.52416551,76.39043984,10,36,1,1,22:51
4141,Mumbai,2024-04-20,20:03,Assault,Bandra,24.97838403,76.87086462,2,1,1,0,15:18
4142,Mumbai,2024-01-26,08:02,Assault,Dadar,20.08962078,76.69941431,7,27,0,1,21:43
4143,Mumbai,2024-03-21,18:22,Burglary,Lajpat Nagar,22.50678198,76.093099,1,45,1,1,03:19
4145,Mumbai,2024-06-17,03:16,Harassment,Lajpat Nagar,23.35236906,77.90158997,1,40,1,1,08:00
4146,Mumbai,2023-07-08,02:50,Theft,Connaught Place,21.07458824,75.41443917,1,38,0,1,05:27
4149,Mumbai,2024-11-09,13:02,Harassment,Karol Bagh,24.85331846,76.16137474,,19,1,1,06:18
4150,Mumbai,2023-06-07,15:57,Fraud,Saket,23.77660366,77.54843739,3,24,1,1,04:20
4151,Mumbai,2023-02-01,17:41,Harassment,Saket,23.26066763,73.07232078,3,56,1,1,11:21
4152,Mumbai,2024-01-21,07:11,Assault,Saket,28.25860945,72.49407897,1,44,1,1,12:05
4156,Mumbai,2023-08-21,17:14,Burglary,Saket,23.61120008,74.26371435,10,13,1,1,04:53
4157,Mumbai,2024-03-08,10:46,Assault,Bandra,22.27030659,75.96112798,3,30,1,1,02:13
4158,Mumbai,2023-05-07,12:22,Theft,Saket,24.17595635,73.97958013,6,59,1,1,17:16
4159,Mumbai,2023-12-25,03:49,Assault,Karol Bagh,20.02535318,77.26295225,6,49,1,1,03:55
4162,Mumbai,2023-11-01,20:25,Burglary,Colaba,21.05859535,73.25091724,8,54,1,0,00:36
4164,Mumbai,2023-02-05,20:02,Harassment,Juhu,28.340503,72.67755955,5,11,1,1,08:59
4165,Mumbai,2024-05-06,19:59,Assault,Bandra,21.59206565,72.39414258,5,7,1,1,04:55
4167,Mumbai,2024-04-13,20:18,Assault,Dadar,29.503987,72.9856594,3,11,1,0,04:55
4168,Mumbai,2023-08-26,19:24,Fraud,Bandra,29.54795065,77.48353319,5,49,0,1,15:21
4170,Mumbai,2024-11-03,07:46,Burglary,Lajpat Nagar,23.00207545,76.02363486,4,47,1,1,12:57
4171,Mumbai,2023-11-14,08:59,Burglary,Lajpat Nagar,19.79952302,73.35241269,4,51,1,1,17:32
4173,Mumbai,2024-03-06,00:17,Harassment,Dwarka,25.14549588,75.44825522,9,48,1,0,16:57
4175,Mumbai,2023-02-11,09:09,Harassment,Dadar,29.95590156,76.61237537,1,47,1,1,16:59
4179,Mumbai,2023-09-01,03:24,Theft,Dwarka,19.05279807,77.34384232,6,38,1,1,02:09
4185,Mumbai,2024-04-03,17:08,Fraud,Andheri,25.90891824,75.4312543,4,46,1,0,06:31
4186,Mumbai,2024-12-18,00:32,Harassment,Bandra,28.24369862,76.32881723,3,12,1,1,16:59
4187,Mumbai,2024-08-24,18:50,Harassment,Andheri,20.63131908,75.30201899,,45,1,1,03:46
4188,Mumbai,2024-07-17,07:17,Harassment,Colaba,28.40869743,76.71678253,2,14,1,0,07:09
4189,Mumbai,2024-04-09,17:25,Assault,Juhu,26.4265824,73.69593392,9,57,1,1,13:30
4190,Mumbai,2023-04-22,17:44,Harassment,Andheri,20.87256336,73.10347231,8,12,1,1,05:28
4191,Mumbai,2024-07-04,16:14,Harassment,Saket,21.08739914,72.3235001,5,55,1,1,07:15
4193,Mumbai,2023-12-16,13:08,Assault,Lajpat Nagar,19.35436896,76.13159712,2,13,1,1,13:08
4196,Mumbai,2023-10-13,16:28,Theft,Saket,26.31585184,72.31294339,6,59,0,1,14:18
4201,Mumbai,2024-05-20,09:04,Theft,Saket,27.62308161,76.99032672,9,48,1,0,03:37
4202,Mumbai,2024-07-01,06:53,Assault,Lajpat Nagar,28.86924544,77.11573462,8,9,0,1,20:54
4203,Mumbai,2023-03-26,03:37,Burglary,Karol Bagh,23.82638443,73.03300587,8,8,1,0,09:48
4204,Mumbai,2024-07-26,23:15,Fraud,Juhu,21.57483824,74.91771343,8,37,1,1,12:34
4205,Mumbai,2023-06-08,11:42,Assault,Dadar,23.53049812,76.40356034,9,15,0,1,14:40
4206,Mumbai,2023-04-22,19:40,Burglary,Juhu,26.8770111,76.64388358,1,7,1,1,22:29
4207,Mumbai,2024-06-05,05:52,Fraud,Colaba,20.20373445,76.70805588,8,24,1,1,09:37
4208,Mumbai,2024-02-01,06:45,Fraud,Dadar,21.97516016,73.36900401,2,49,0,1,21:09
4209,Mumbai,2024-12-01,13:06,Theft,Dwarka,19.51299491,73.15520891,4,16,0,1,18:18
4210,Mumbai,2024-04-15,07:13,Assault,Connaught Place,23.75582512,75.54007481,1,24,1,1,08:38
4212,Mumbai,2023-07-10,13:57,Fraud,Colaba,19.27130057,73.91483709,10,7,1,1,02:12
4217,Mumbai,2024-06-27,17:32,Harassment,Saket,29.72612091,72.88634117,9,38,1,1,12:26
4219,Mumbai,2023-08-16,10:49,Assault,Dadar,21.58422112,75.5560684,3,1,1,1,22:52
4220,Mumbai,2023-05-14,22:01,Fraud,Dwarka,20.10364159,74.15041343,8,31,0,0,19:56
4222,Mumbai,2023-10-11,08:48,Fraud,Bandra,26.72239235,72.58145061,7,23,1,0,21:21
4225,Mumbai,2023-08-10,03:39,Theft,Andheri,22.69686227,72.59109044,2,46,0,1,14:41
4226,Mumbai,2023-07-02,03:27,Theft,Karol Bagh,20.86754634,75.36394112,3,32,1,1,16:13
4228,Mumbai,2023-02-16,01:55,Theft,Dadar,24.3204849,73.26969196,4,18,1,1,06:04
4229,Mumbai,2023-07-24,06:44,Assault,Lajpat Nagar,27.01717562,73.03313117,10,57,0,1,12:07
4230,Mumbai,2024-05-11,09:17,Assault,Connaught Place,23.85496087,72.40337181,,4,0,1,22:45
4233,Mumbai,2023-07-10,12:54,Theft,Dwarka,21.32617352,76.98632065,3,36,1,1,14:38
4234,Mumbai,2024-08-28,02:30,Burglary,Lajpat Nagar,21.92321014,72.59334504,7,23,0,1,00:21
4235,Mumbai,2023-06-20,23:30,Assault,Karol Bagh,20.04313483,72.8683976,4,15,0,1,07:19
4236,Mumbai,2023-01-08,23:04,Theft,Juhu,22.81542712,73.83874639,10,13,1,1,01:58
4237,Mumbai,2023-01-05,16:08,Fraud,Lajpat Nagar,19.40226794,76.59519592,8,14,1,1,06:35
4239,Mumbai,2024-04-06,19:34,Assault,Saket,27.21447489,74.45051224,7,37,0,1,07:12
4241,Mumbai,2024-09-01,17:40,Harassment,Karol Bagh,26.35060719,72.48134575,8,59,1,1,20:20
4243,Mumbai,2023-02-02,17:58,Assault,Saket,25.39303877,75.29123395,7,28,1,1,23:06
4245,Mumbai,2024-12-20,12:29,Fraud,Karol Bagh,19.23583853,75.95014255,4,4,1,1,03:25
4252,Mumbai,2023-10-16,07:53,Burglary,Karol Bagh,25.614392,76.693374,3,35,1,1,03:55
4254,Mumbai,2024-04-03,05:58,Theft,Juhu,22.48781146,76.02920117,5,20,1,1,16:33
4255,Mumbai,2024-05-23,12:40,Fraud,Bandra,24.93457231,72.89425326,4,2,1,1,22:47
4256,Mumbai,2023-06-18,12:16,Assault,Lajpat Nagar,26.60012627,74.07677124,5,52,1,1,19:41
4257,Mumbai,2023-11-21,17:27,Harassment,Saket,23.63473798,72.25747364,,58,0,1,11:12
4258,Mumbai,2023-12-03,19:42,Assault,Bandra,28.39417084,76.31686136,9,59,1,0,02:07
4262,Mumbai,2024-04-16,22:39,Assault,Bandra,21.58858106,74.85342046,9,56,0,0,15:34
4268,Mumbai,2023-07-07,02:20,Theft,Colaba,21.57846319,72.78956446,3,52,1,1,02:01
4270,Mumbai,2023-11-10,08:20,Burglary,Andheri,20.25673299,74.70412973,5,22,1,1,13:00
4271,Mumbai,2023-03-15,21:03,Fraud,Saket,25.04202509,74.23138794,7,29,0,1,16:26
4272,Mumbai,2023-12-04,03:07,Harassment,Bandra,19.01467003,74.76631998,5,46,1,0,05:15
4273,Mumbai,2023-01-15,19:08,Harassment,Dadar,22.56234594,77.00743174,6,10,0,1,22:24
4274,Mumbai,2023-05-01,23:38,Theft,Dadar,21.41927745,75.95687807,8,20,1,0,11:03
4278,Mumbai,2024-07-07,15:23,Harassment,Lajpat Nagar,20.02129595,76.47340771,10,6,1,0,20:11
4281,Mumbai,2023-08-09,22:02,Assault,Saket,24.900725,73.02439246,,32,1,1,20:38
4282,Mumbai,2024-02-02,11:07,Burglary,Saket,28.1889859,77.22196556,4,28,0,0,04:09
4283,Mumbai,2024-12-14,02:30,Fraud,Andheri,25.77371807,74.51816954,6,42,1,1,10:06
4284,Mumbai,2023-05-07,02:27,Theft,Saket,25.97167261,75.92745909,7,10,1,0,20:50
4286,Mumbai,2024-09-20,01:14,Fraud,Dadar,29.19992196,76.3641211,5,22,1,0,04:55
4287,Mumbai,2024-09-14,19:34,Fraud,Juhu,29.25092953,74.87545425,2,28,0,1,13:41
4290,Mumbai,2023-01-02,13:20,Harassment,Lajpat Nagar,24.05545706,77.15446617,9,29,1,0,01:26
4292,Mumbai,2023-05-08,22:41,Fraud,Dwarka,25.99978747,73.28069599,10,50,1,1,01:33
4293,Mumbai,2024-07-13,04:06,Harassment,Lajpat Nagar,24.50101569,77.60763233,2,34,1,1,09:02
4296,Mumbai,2023-04-12,11:38,Theft,Dwarka,24.27595152,77.99365777,1,26,1,1,19:56
4297,Mumbai,2024-12-20,01:24,Harassment,Bandra,28.7634789,76.16956018,5,45,1,1,18:31
4298,Mumbai,2024-12-01,15:00,Assault,Bandra,25.23029793,72.96159959,3,11,1,0,20:01
4300,Mumbai,2024-12-10,19:41,Harassment,Saket,22.72931405,76.15467289,9,19,1,0,22:39
4301,Mumbai,2023-03-11,20:36,Assault,Dadar,25.28552532,76.67856633,7,20,0,0,16:04
4302,Mumbai,2023-03-06,09:51,Assault,Karol Bagh,23.92117805,73.43421566,9,33,0,1,01:36
4303,Mumbai,2024-08-05,04:19,Harassment,Juhu,26.25042904,73.54181312,2,17,0,1,19:30
4304,Mumbai,2023-11-16,16:37,Assault,Connaught Place,19.55633123,73.84272417,10,52,1,1,20:22
4306,Mumbai,2023-05-03,01:18,Harassment,Dwarka,22.25591888,73.03089707,10,18,1,1,13:33
4307,Mumbai,2023-11-25,12:24,Assault,Colaba,22.58803567,72.62545919,10,32,1,1,12:26
4308,Mumbai,2023-10-12,21:55,Theft,Lajpat Nagar,29.57009175,76.07318453,10,40,1,1,11:03
4309,Mumbai,2024-10-01,08:50,Theft,Bandra,21.00964294,76.67458764,1,45,0,1,17:13
4313,Mumbai,2024-04-17,15:26,Assault,Bandra,23.58337092,74.330447,,3,1,1,21:59
4314,Mumbai,2023-03-25,01:20,Theft,Lajpat Nagar,27.18251809,77.75990945,8,38,1,1,05:07
4318,Mumbai,2024-05-12,13:55,Fraud,Saket,22.92211846,75.26407375,,6,0,1,01:33
4319,Mumbai,2024-01-27,11:31,Harassment,Connaught Place,28.16141389,75.67791517,2,56,1,1,21:29
4323,Mumbai,2023-03-14,14:50,Burglary,Karol Bagh,25.2198785,75.03094751,1,42,1,1,00:12
4324,Mumbai,2023-11-05,09:49,Burglary,Saket,23.79918295,77.12657632,6,56,1,1,19:00
4325,Mumbai,2024-08-01,10:14,Fraud,Colaba,24.9394305,76.50653718,4,5,0,1,19:57
4328,Mumbai,2023-04-13,19:01,Assault,Dwarka,24.51873283,73.59880165,4,42,1,0,23:42
4330,Mumbai,2024-09-06,07:54,Harassment,Andheri,21.86918679,77.33371353,10,22,1,0,12:50
4335,Mumbai,2024-10-04,20:11,Theft,Andheri,19.39107065,72.86777003,9,41,1,1,09:32
4337,Mumbai,2024-05-04,22:18,Harassment,Dadar,28.59900356,72.93448159,6,53,1,1,20:28
4338,Mumbai,2023-08-22,01:06,Fraud,Dadar,22.27078122,72.76847105,7,17,0,1,19:33
4339,Mumbai,2023-08-22,12:40,Harassment,Bandra,21.83152353,72.07301007,7,6,1,1,22:34
4341,Mumbai,2023-05-16,19:22,Theft,Andheri,22.91783662,74.1541357,9,59,1,1,05:04
4342,Mumbai,2024-02-26,07:59,Assault,Andheri,23.095716,72.63112971,1,5,0,1,07:10
4343,Mumbai,2024-01-15,01:00,Theft,Karol Bagh,22.50104201,73.93702667,9,39,1,1,14:14
4346,Mumbai,2024-01-14,05:54,Burglary,Dadar,28.30579422,73.92002931,5,4,1,1,04:38
4348,Mumbai,2023-01-09,05:09,Harassment,Colaba,24.24131529,77.03914802,7,42,1,1,04:36
4349,Mumbai,2023-06-10,09:11,Theft,Connaught Place,28.38002962,75.88653457,2,32,1,1,14:42
4351,Mumbai,2024-03-24,15:44,Theft,Bandra,19.19322001,75.81601082,9,18,1,1,10:16
4354,Mumbai,2023-08-12,04:48,Assault,Juhu,25.23881001,77.93423545,6,6,1,1,21:54
4357,Mumbai,2023-05-10,00:06,Assault,Colaba,25.97898454,75.97422975,3,20,1,0,09:31
4358,Mumbai,2024-03-19,02:11,Fraud,Karol Bagh,27.40461149,75.89295526,2,29,0,0,11:18
4361,Mumbai,2023-05-05,11:58,Fraud,Juhu,27.06525285,77.76882531,6,16,1,1,17:25
4369,Mumbai,2024-08-12,18:33,Theft,Lajpat Nagar,19.70208638,72.99089227,5,31,0,1,23:17
4370,Mumbai,2024-08-14,12:30,Assault,Andheri,22.63393458,77.73996053,5,42,1,0,13:13
4371,Mumbai,2024-08-01,22:31,Theft,Dwarka,21.54254376,73.34344879,6,44,1,1,12:26
4372,Mumbai,2023-07-03,17:08,Theft,Juhu,28.77890802,74.7464962,4,43,1,1,19:53
4373,Mumbai,2023-10-10,06:55,Harassment,Juhu,19.60448799,72.68841577,4,43,0,1,16:15
4378,Mumbai,2023-08-26,08:28,Fraud,Colaba,19.07977671,72.05737028,5,43,1,1,00:17
4381,Mumbai,2023-06-20,08:54,Theft,Juhu,23.01946744,77.91659108,2,22,0,0,15:23
4384,Mumbai,2023-02-24,04:46,Harassment,Connaught Place,22.79361162,72.30387196,3,11,1,1,23:29
4390,Mumbai,2024-10-23,15:21,Harassment,Bandra,21.36491446,77.80298433,8,18,1,1,20:56
4391,Mumbai,2023-02-03,07:27,Burglary,Dwarka,19.40892817,77.69976541,10,53,1,1,02:50
4392,Mumbai,2023-03-20,11:44,Fraud,Dadar,20.54893048,77.90303405,,25,1,1,07:49
4393,Mumbai,2023-09-04,18:46,Burglary,Saket,29.0903346,77.19869268,6,33,1,0,11:37
4394,Mumbai,2023-04-04,12:55,Fraud,Bandra,24.05382621,77.45730954,4,52,1,1,22:32
4395,Mumbai,2024-01-27,17:03,Theft,Saket,19.85432448,73.30367267,5,10,1,1,00:18
4397,Mumbai,2023-05-13,11:52,Burglary,Karol Bagh,28.66891539,76.25314268,6,30,1,1,07:07
4398,Mumbai,2024-03-27,20:10,Burglary,Andheri,27.30150773,77.77671905,2,51,1,1,11:43
4401,Mumbai,2023-07-05,09:08,Burglary,Saket,28.20006222,75.58439335,8,33,1,1,00:07
4403,Mumbai,2023-03-17,17:44,Fraud,Dwarka,28.56735175,73.32192617,10,15,1,1,09:25
4405,Mumbai,2024-05-22,10:56,Theft,Dadar,22.81144569,75.59102048,2,2,0,1,19:43
4408,Mumbai,2024-07-23,01:43,Assault,Dwarka,22.61451379,72.79851984,8,34,0,1,05:00
4409,Mumbai,2023-08-14,13:16,Assault,Karol Bagh,20.18696289,77.64448034,10,52,1,1,13:10
4410,Mumbai,2024-03-01,09:41,Fraud,Dwarka,29.28584278,76.50296631,5,41,0,1,05:51
4411,Mumbai,2024-08-04,11:18,Burglary,Juhu,22.201037,72.00746063,1,19,1,1,12:03
4412,Mumbai,2024-01-19,20:29,Harassment,Bandra,24.72684712,76.5936797,8,2,1,1,21:36
4414,Mumbai,2024-01-12,04:55,Burglary,Juhu,29.55920933,72.05838576,1,20,1,1,12:47
4415,Mumbai,2023-08-24,06:54,Theft,Andheri,22.68554088,74.21762579,4,41,0,1,08:08
4418,Mumbai,2023-06-23,04:59,Assault,Dwarka,23.79167147,76.66791671,10,53,1,1,03:24
4421,Mumbai,2024-11-24,17:39,Assault,Colaba,29.04185578,77.85849375,4,56,1,1,17:09
4424,Mumbai,2024-07-03,19:46,Fraud,Dadar,28.77138522,72.85893787,3,15,1,1,15:05
4425,Mumbai,2024-07-16,02:28,Burglary,Bandra,23.26339834,73.97407568,2,20,0,1,22:28
4428,Mumbai,2024-10-19,06:15,Assault,Juhu,21.07234244,74.69975746,1,20,0,1,10:29
4432,Mumbai,2023-02-22,05:31,Theft,Lajpat Nagar,20.89167442,72.3746057,8,30,0,0,21:40
4435,Mumbai,2023-12-26,17:34,Theft,Dwarka,19.21154874,73.35217455,8,20,0,1,02:38
4438,Mumbai,2023-10-09,02:57,Theft,Connaught Place,22.08433596,74.9963736,6,55,0,1,10:26
4439,Mumbai,2023-01-28,15:22,Assault,Karol Bagh,29.73097513,72.76892991,3,49,1,1,14:51
4440,Mumbai,2023-08-25,22:00,Fraud,Juhu,21.00784706,76.83441493,8,43,1,1,07:40
4441,Mumbai,2024-10-21,20:34,Burglary,Juhu,22.97203887,75.70232548,5,24,0,1,11:10
4444,Mumbai,2024-03-21,12:15,Fraud,Karol Bagh,25.3923464,76.8624596,1,53,1,1,11:05
4445,Mumbai,2023-04-09,01:16,Assault,Lajpat Nagar,24.82889093,75.41013028,7,12,1,1,15:51
4447,Mumbai,2024-04-07,20:12,Assault,Juhu,21.58443419,74.23666227,10,30,1,1,11:11
4449,Mumbai,2023-02-19,19:50,Theft,Bandra,20.70997521,75.10479332,8,47,0,0,07:41
4451,Mumbai,2023-04-02,23:34,Theft,Lajpat Nagar,21.75598867,74.61760281,8,52,1,1,22:11
4452,Mumbai,2023-01-12,16:53,Harassment,Dwarka,22.67226271,74.60005218,7,25,1,1,16:50
4454,Mumbai,2023-06-06,19:57,Harassment,Saket,19.29447644,75.45711248,7,12,0,1,03:03
4460,Mumbai,2024-11-13,20:47,Assault,Bandra,19.08911036,77.9441734,7,17,0,1,06:23
4461,Mumbai,2023-10-03,03:32,Assault,Juhu,25.78383564,77.29134579,5,54,1,1,14:28
4463,Mumbai,2023-02-16,12:28,Harassment,Juhu,27.59026498,75.22407353,7,16,0,0,02:42
4465,Mumbai,2024-01-08,09:32,Assault,Karol Bagh,24.84318674,73.10938437,1,20,0,1,01:23
4466,Mumbai,2024-05-13,02:53,Fraud,Bandra,26.5105745,73.83442484,5,49,1,0,15:05
4467,Mumbai,2024-02-28,13:22,Fraud,Colaba,21.61045577,76.6437648,10,5,1,1,15:21
4468,Mumbai,2023-05-03,05:17,Theft,Lajpat Nagar,23.81357518,74.72249372,5,41,1,1,06:09
4471,Mumbai,2023-09-23,08:16,Burglary,Andheri,21.92089166,75.05008258,10,32,0,1,21:39
4472,Mumbai,2023-10-16,13:03,Harassment,Lajpat Nagar,23.89977043,75.8817941,2,27,0,1,19:54
4474,Mumbai,2023-06-14,17:56,Fraud,Juhu,23.1347235,77.33536135,8,41,1,1,21:49
4478,Mumbai,2023-08-03,06:28,Theft,Bandra,26.79849536,72.78194468,3,14,1,1,14:58
4480,Mumbai,2024-10-24,17:06,Harassment,Bandra,26.22054448,74.23605657,1,24,0,1,22:58
4482,Mumbai,2023-05-24,21:41,Theft,Dwarka,19.61578313,74.43282884,10,18,1,1,22:07
4483,Mumbai,2023-02-02,23:42,Assault,Connaught Place,20.33117288,75.76564033,5,38,0,1,12:52
4484,Mumbai,2024-09-08,10:15,Theft,Dadar,29.22983261,76.61914803,5,39,1,1,23:35
4487,Mumbai,2023-01-25,17:29,Fraud,Bandra,22.65919951,72.52940595,3,1,1,1,10:55
4488,Mumbai,2023-09-20,16:32,Harassment,Saket,25.51924513,74.46469046,2,17,0,1,03:05
4489,Mumbai,2024-11-22,21:16,Burglary,Saket,24.44447347,75.27466292,5,26,0,1,02:16
4494,Mumbai,2023-02-15,18:33,Assault,Dwarka,25.04636636,74.25178845,8,38,0,1,16:19
4495,Mumbai,2023-10-12,16:49,Fraud,Dwarka,24.13690599,76.30379491,6,28,1,0,11:56
4498,Mumbai,2023-02-19,01:19,Assault,Saket,21.96816799,74.05741586,3,33,0,1,02:58
4505,Mumbai,2023-05-05,04:16,Assault,Connaught Place,28.14248242,73.37314965,6,9,1,1,00:43
4508,Mumbai,2023-05-18,02:55,Theft,Bandra,19.91539473,76.03506822,3,57,0,1,09:57
4509,Mumbai,2023-08-23,23:38,Harassment,Bandra,29.06777072,72.2659935,5,43,1,1,10:41
4510,Mumbai,2024-04-15,17:47,Burglary,Saket,23.44688987,73.32639519,5,59,1,0,01:34
4512,Mumbai,2024-11-08,08:11,Assault,Juhu,22.33030908,73.98602602,4,31,1,1,23:52
4516,Mumbai,2024-05-03,07:37,Burglary,Connaught Place,27.79941753,77.36679228,5,11,1,1,02:59
4517,Mumbai,2023-03-27,14:10,Harassment,Dadar,28.17681054,73.75743405,5,5,1,1,15:25
4518,Mumbai,2023-05-24,16:15,Burglary,Bandra,22.34600725,76.38678665,,31,1,1,02:29
4519,Mumbai,2023-02-12,07:36,Assault,Andheri,24.15915874,76.67949467,8,20,1,1,00:24
4520,Mumbai,2023-01-08,03:09,Harassment,Bandra,28.61201754,77.7789462,9,4,0,1,03:13
4525,Mumbai,2024-02-02,05:56,Harassment,Connaught Place,25.40806866,74.78030092,2,49,1,1,06:34
4526,Mumbai,2024-10-13,18:13,Theft,Saket,25.08234823,74.62591419,6,5,1,1,07:54
4528,Mumbai,2024-07-15,16:59,Harassment,Saket,20.11729358,72.30101306,1,19,1,1,16:40
4529,Mumbai,2023-04-07,01:45,Burglary,Karol Bagh,22.81730828,77.29177457,7,18,1,1,20:05
4532,Mumbai,2024-01-18,04:07,Fraud,Dwarka,21.38087392,74.94121713,5,59,1,1,10:30
4533,Mumbai,2024-01-20,01:52,Fraud,Saket,27.83222826,74.17084421,7,18,1,1,18:24
4537,Mumbai,2023-02-18,00:01,Burglary,Lajpat Nagar,19.99988792,76.09008954,9,29,0,0,02:36
4540,Mumbai,2024-10-24,14:27,Burglary,Bandra,22.92059641,75.86308322,8,28,0,1,23:58
4541,Mumbai,2024-03-13,12:07,Burglary,Bandra,25.61184479,72.7008739,2,9,1,1,10:18
4542,Mumbai,2024-12-08,01:58,Assault,Dadar,25.11727096,74.2424011,7,45,1,1,04:49
4543,Mumbai,2023-01-09,00:32,Harassment,Andheri,23.4512096,72.83304986,4,26,0,1,12:46
4544,Mumbai,2024-02-08,20:38,Assault,Juhu,23.71952793,77.28727639,9,49,0,1,01:45
4547,Mumbai,2024-06-09,21:30,Burglary,Colaba,29.48580341,75.91353911,6,6,1,1,09:04
4548,Mumbai,2024-11-26,22:24,Assault,Juhu,28.3549821,75.04226122,8,29,1,1,03:26
4549,Mumbai,2023-02-10,03:00,Harassment,Andheri,20.59756156,72.89982636,6,26,1,1,08:13
4550,Mumbai,2024-05-28,17:05,Fraud,Dadar,19.32758866,73.97816932,7,28,0,1,08:48
4551,Mumbai,2023-08-15,09:12,Harassment,Lajpat Nagar,29.26876744,72.82149475,8,7,1,1,22:11
4556,Mumbai,2023-05-20,17:18,Harassment,Connaught Place,24.30098326,74.75582687,,48,0,1,15:20
4558,Mumbai,2023-05-25,07:41,Harassment,Juhu,26.39363556,73.88880496,6,40,1,1,12:27
4559,Mumbai,2024-05-28,02:37,Harassment,Bandra,20.69119535,73.92055865,7,57,0,1,04:17
4560,Mumbai,2024-03-08,16:48,Burglary,Juhu,20.46549423,76.2023108,6,47,1,1,16:09
4562,Mumbai,2023-04-04,15:17,Harassment,Connaught Place,27.43382842,76.97441188,7,27,0,1,01:41
4565,Mumbai,2023-09-23,04:12,Harassment,Dadar,29.385918,76.31498629,,55,1,1,23:04
4566,Mumbai,2023-01-23,10:19,Theft,Dadar,20.86684758,76.01107909,5,19,1,1,02:27
4567,Mumbai,2024-05-01,13:55,Fraud,Andheri,19.10514005,76.4887248,2,36,1,1,16:16
4569,Mumbai,2023-10-08,21:50,Harassment,Juhu,21.58531666,72.94554193,7,19,1,1,07:33
4571,Mumbai,2024-02-17,00:12,Fraud,Dwarka,29.12428815,74.19523022,7,28,1,0,11:06
4572,Mumbai,2023-04-07,23:49,Burglary,Karol Bagh,28.6710341,76.76198989,6,59,1,1,20:44
4579,Mumbai,2023-03-12,12:28,Burglary,Andheri,21.05368883,74.00447337,7,6,0,1,15:18
4580,Mumbai,2023-05-05,02:21,Theft,Saket,21.18240802,75.28081216,10,33,1,1,13:16
4582,Mumbai,2023-06-17,22:02,Harassment,Colaba,24.40774679,75.8561665,1,1,1,0,07:06
4584,Mumbai,2023-11-24,21:24,Fraud,Colaba,20.62750213,75.79629075,,6,0,0,08:37
4585,Mumbai,2023-07-25,13:17,Fraud,Karol Bagh,23.159703,77.00404148,1,28,0,0,10:00
4589,Mumbai,2023-10-16,11:19,Harassment,Karol Bagh,25.13079571,77.53756659,5,59,1,1,03:44
4591,Mumbai,2023-10-10,02:45,Theft,Colaba,22.58677553,75.62737599,9,40,1,1,20:06
4593,Mumbai,2024-04-15,00:51,Assault,Dadar,24.38199448,76.64533315,,23,1,1,21:18
4594,Mumbai,2024-12-04,14:34,Harassment,Bandra,27.21393762,75.63545366,3,55,1,1,20:27
4596,Mumbai,2024-06-03,12:39,Burglary,Karol Bagh,23.67151841,77.47791244,4,16,1,0,07:40
4597,Mumbai,2024-09-17,18:17,Burglary,Connaught Place,19.19563655,74.26270239,5,4,1,1,03:48
4599,Mumbai,2024-10-08,01:33,Assault,Andheri,24.312487,75.64860712,7,55,1,1,15:34
4604,Mumbai,2024-06-11,13:35,Burglary,Saket,23.48728908,76.39611415,9,46,1,1,18:53
4605,Mumbai,2023-02-14,06:18,Theft,Juhu,24.46970028,72.66361051,7,20,0,1,21:47
4606,Mumbai,2024-09-05,17:09,Harassment,Bandra,19.44482714,73.27278043,2,39,1,1,10:28
4608,Mumbai,2023-03-15,23:36,Assault,Bandra,29.98133471,76.35879332,,50,1,1,01:07
4609,Mumbai,2023-03-04,18:39,Fraud,Karol Bagh,20.99635837,77.49027076,9,13,1,0,17:51
4612,Mumbai,2023-01-27,14:50,Theft,Lajpat Nagar,26.27129764,76.28401625,6,44,1,1,03:44
4617,Mumbai,2023-12-10,20:36,Harassment,Colaba,25.74140898,76.96307224,8,53,0,1,09:53
4626,Mumbai,2023-12-25,05:23,Fraud,Connaught Place,26.0708386,75.04406119,9,14,1,1,01:06
4628,Mumbai,2024-11-21,02:36,Burglary,Colaba,26.49976492,76.14977694,10,51,1,1,16:49
4633,Mumbai,2023-10-17,00:05,Assault,Colaba,25.49720749,76.72241702,6,45,1,1,22:30
4636,Mumbai,2023-03-02,11:29,Burglary,Lajpat Nagar,23.33546567,76.55497489,8,29,1,1,18:13
4637,Mumbai,2023-07-17,20:33,Harassment,Andheri,21.21979539,75.59264222,6,1,1,1,15:01
4639,Mumbai,2024-02-12,05:24,Fraud,Colaba,27.50084942,73.1495697,1,27,1,0,23:07
4640,Mumbai,2024-03-04,00:19,Theft,Juhu,21.74649171,77.66027831,3,44,0,0,16:20
4641,Mumbai,2024-05-16,02:35,Theft,Bandra,25.69795347,74.40862897,2,36,1,1,19:25
4645,Mumbai,2024-03-04,14:23,Fraud,Colaba,23.88174325,75.66724051,7,48,1,1,00:47
4647,Mumbai,2023-01-20,10:07,Burglary,Andheri,28.85617075,77.85115447,3,40,1,1,05:36
4650,Mumbai,2023-06-07,22:05,Assault,Juhu,19.2855712,77.94759899,8,50,1,1,21:22
4652,Mumbai,2024-09-05,04:31,Assault,Andheri,22.15202138,77.11101755,2,41,1,1,11:30
4653,Mumbai,2024-05-04,09:24,Assault,Connaught Place,29.69485782,73.29791981,9,33,1,1,18:09
4655,Mumbai,2024-05-03,02:06,Theft,Dwarka,23.10587905,77.79607258,3,23,0,1,16:17
4658,Mumbai,2023-12-26,04:17,Harassment,Karol Bagh,22.46762491,76.78688594,8,43,1,1,12:32
4660,Mumbai,2024-03-17,22:37,Assault,Lajpat Nagar,28.34469433,76.3299513,3,14,1,1,06:47
4666,Mumbai,2023-11-21,16:37,Harassment,Andheri,29.82230515,72.85029125,5,50,1,1,02:38
4667,Mumbai,2023-04-05,02:28,Fraud,Andheri,22.20054274,74.80639363,5,59,1,1,11:55
4668,Mumbai,2024-04-22,01:51,Assault,Dadar,27.73787562,74.14189084,8,14,1,1,08:02
4669,Mumbai,2023-05-16,22:56,Assault,Connaught Place,24.39526248,75.30302484,5,21,0,1,22:46
4670,Mumbai,2023-08-27,08:46,Harassment,Saket,19.43786252,76.23885892,1,12,1,1,23:59
4671,Mumbai,2023-12-16,23:23,Assault,Saket,27.39321338,76.10833522,3,42,1,1,20:53
4674,Mumbai,2023-01-14,17:22,Assault,Juhu,19.94230613,74.38689357,,47,1,1,16:41
4675,Mumbai,2023-08-18,21:18,Theft,Dwarka,29.41554137,77.17145969,8,5,0,1,19:01
4679,Mumbai,2023-11-12,16:08,Burglary,Bandra,29.40602413,74.15858077,1,44,0,1,12:32
4680,Mumbai,2024-09-22,00:54,Burglary,Andheri,26.83094117,77.0819916,1,2,0,0,06:05
4681,Mumbai,2023-05-27,18:09,Theft,Colaba,27.15826978,73.96733231,1,29,1,0,03:09
4684,Mumbai,2024-10-12,00:45,Assault,Juhu,20.21023367,74.31337728,,16,1,1,18:21
4685,Mumbai,2024-05-04,18:01,Burglary,Dadar,25.15825205,74.05938105,6,33,1,0,19:08
4690,Mumbai,2024-06-22,10:26,Harassment,Andheri,20.66475385,76.19816821,6,43,1,1,12:31
4694,Mumbai,2024-11-08,04:17,Harassment,Karol Bagh,21.3267257,76.27969033,9,53,1,1,06:33
4695,Mumbai,2023-05-09,15:11,Fraud,Karol Bagh,25.12579702,75.21299829,5,31,0,1,11:48
4699,Mumbai,2024-07-13,23:56,Assault,Karol Bagh,24.1099231,77.55636824,5,27,1,1,22:07
4700,Mumbai,2024-01-09,08:00,Burglary,Bandra,27.22921265,76.79310276,9,52,1,0,08:05
4701,Mumbai,2024-12-08,01:05,Harassment,Saket,21.43830227,77.89067762,3,51,1,1,06:17
4703,Mumbai,2023-05-15,20:58,Burglary,Saket,29.4194973,72.06122512,2,46,0,1,20:45
4707,Mumbai,2024-03-20,14:15,Theft,Dwarka,21.07002586,73.3130449,6,8,0,1,15:14
4709,Mumbai,2024-02-25,13:04,Fraud,Karol Bagh,22.74247766,77.08519202,6,8,0,1,08:11
4710,Mumbai,2024-06-25,12:59,Theft,Karol Bagh,22.49945784,77.17180054,10,40,1,1,03:43
4713,Mumbai,2023-03-27,15:04,Burglary,Dwarka,26.96409671,75.00037396,5,7,0,1,19:16
4715,Mumbai,2024-03-12,11:35,Burglary,Dwarka,29.00478115,74.72439154,,31,0,1,14:38
4717,Mumbai,2023-01-02,01:05,Burglary,Dwarka,20.80006025,77.49847751,2,27,1,0,15:16
4718,Mumbai,2023-09-04,03:36,Fraud,Dwarka,28.58287365,74.32761045,5,29,1,1,03:23
4719,Mumbai,2024-08-02,11:00,Harassment,Juhu,21.9947229,75.02042465,1,23,1,0,20:32
4720,Mumbai,2023-05-10,19:11,Harassment,Karol Bagh,19.8895672,73.9731638,3,20,1,1,14:04
4723,Mumbai,2023-07-21,21:05,Burglary,Juhu,20.04425211,72.15308129,7,50,0,1,04:21
4724,Mumbai,2024-03-27,10:11,Theft,Saket,22.5073699,77.39908804,8,12,1,1,01:55
4731,Mumbai,2023-05-09,06:02,Harassment,Juhu,21.73788224,73.7695568,10,45,1,0,18:23
4734,Mumbai,2024-07-10,13:37,Burglary,Dadar,25.3223126,73.30450101,8,42,1,1,17:31
4740,Mumbai,2024-09-23,16:36,Harassment,Dwarka,24.29850555,73.45121782,2,15,1,1,06:29
4742,Mumbai,2023-07-25,22:20,Harassment,Bandra,29.75495863,73.99186171,7,8,1,1,14:09
4743,Mumbai,2023-08-12,22:18,Theft,Juhu,27.69651342,77.30502395,9,54,1,1,07:33
4745,Mumbai,2024-06-05,20:09,Harassment,Dwarka,19.95246094,75.75534129,4,29,1,1,03:27
4747,Mumbai,2023-04-28,14:26,Assault,Connaught Place,27.34640126,76.20403407,9,46,1,1,02:08
4748,Mumbai,2024-10-08,18:35,Burglary,Lajpat Nagar,21.09788978,77.06182808,2,34,1,1,18:09
4754,Mumbai,2023-01-11,03:26,Theft,Connaught Place,29.31450312,76.47469295,1,21,1,0,06:03
4755,Mumbai,2024-01-09,23:05,Burglary,Karol Bagh,23.46073271,73.2407782,6,52,1,1,03:01
4756,Mumbai,2023-09-26,19:50,Theft,Andheri,25.25646013,76.67693008,2,1,1,1,15:21
4757,Mumbai,2024-09-16,23:32,Fraud,Saket,27.69725479,76.82728015,2,41,0,0,06:23
4758,Mumbai,2024-11-08,04:30,Fraud,Bandra,26.66853795,76.93286928,7,59,1,1,21:02
4759,Mumbai,2024-08-23,06:51,Fraud,Connaught Place,29.95072251,74.83749583,5,42,0,1,05:55
4760,Mumbai,2024-09-18,09:51,Assault,Bandra,19.15045416,73.15488461,8,52,1,1,08:25
4763,Mumbai,2023-03-17,23:49,Assault,Colaba,21.88547435,77.31756831,8,29,1,1,09:45
4764,Mumbai,2023-03-07,02:02,Harassment,Bandra,21.44782761,75.90503015,7,11,1,1,23:56
4769,Mumbai,2024-02-14,19:25,Theft,Bandra,21.75884546,75.56895174,6,30,1,1,05:58
4771,Mumbai,2024-09-11,05:04,Theft,Andheri,25.91746644,76.41833874,6,15,0,1,15:50
4772,Mumbai,2024-10-21,14:57,Theft,Bandra,27.38388216,77.80672315,5,40,1,1,07:33
4773,Mumbai,2023-03-10,09:13,Theft,Lajpat Nagar,28.64134174,72.68929855,3,20,0,1,10:56
4776,Mumbai,2024-08-15,16:48,Burglary,Andheri,25.39523385,77.34059055,2,37,1,1,23:36
4777,Mumbai,2023-06-24,07:21,Assault,Colaba,28.99521117,77.24465777,1,3,1,0,09:13
4778,Mumbai,2023-03-17,04:26,Theft,Connaught Place,27.89364601,77.86799876,1,29,0,1,18:53
4780,Mumbai,2024-03-05,12:55,Theft,Andheri,19.12789261,76.9845652,,37,1,1,15:00
4782,Mumbai,2024-12-07,13:02,Harassment,Juhu,24.20883179,74.53388327,6,27,1,0,17:56
4783,Mumbai,2023-12-04,23:27,Burglary,Dadar,27.78001289,73.52009019,4,32,1,0,14:33
4784,Mumbai,2024-06-04,14:12,Fraud,Colaba,20.39924531,76.90942372,4,48,1,1,06:30
4787,Mumbai,2023-06-21,08:57,Burglary,Saket,22.20824648,72.33678953,5,39,1,0,03:27
4789,Mumbai,2024-07-19,17:32,Burglary,Connaught Place,27.86340216,75.72138032,4,47,1,1,05:08
4793,Mumbai,2023-02-24,07:24,Harassment,Saket,25.47942835,74.95465357,,11,0,1,19:13
4796,Mumbai,2023-09-19,04:34,Fraud,Colaba,24.37171958,72.75586716,5,27,1,1,19:14
4797,Mumbai,2024-06-19,01:21,Harassment,Andheri,26.17957943,73.34479308,,58,1,1,02:59
4798,Mumbai,2024-12-28,10:03,Theft,Karol Bagh,20.33435175,72.63686792,4,50,0,0,14:53
4799,Mumbai,2024-04-06,14:52,Assault,Lajpat Nagar,20.93062598,77.723436,6,47,1,1,17:19
4805,Mumbai,2024-07-22,11:05,Assault,Juhu,24.39505478,76.23337914,,23,1,1,14:40
4809,Mumbai,2024-12-16,23:52,Fraud,Karol Bagh,23.38525216,77.34004365,10,51,1,1,07:34
4810,Mumbai,2024-05-27,00:38,Fraud,Bandra,20.50568352,75.21238516,10,27,1,1,03:06
4812,Mumbai,2023-03-21,10:57,Theft,Saket,29.9219384,77.28046025,6,31,1,0,06:28
4813,Mumbai,2024-12-05,10:06,Burglary,Saket,23.35211503,75.24883696,8,59,1,1,01:42
4814,Mumbai,2024-09-15,01:31,Theft,Dadar,25.870145,77.43682553,5,30,1,0,08:36
4815,Mumbai,2024-12-26,20:44,Assault,Juhu,29.59273537,72.24100688,5,3,0,1,08:25
4816,Mumbai,2024-11-04,09:46,Fraud,Connaught Place,28.1468847,74.38509451,,13,1,1,05:19
4817,Mumbai,2024-11-12,00:42,Fraud,Juhu,24.09907446,77.68683011,7,59,0,0,11:20
4818,Mumbai,2023-01-28,19:06,Assault,Lajpat Nagar,27.11238433,73.49790056,2,54,0,1,09:01
4821,Mumbai,2023-10-18,14:49,Harassment,Dadar,22.06966305,77.29285389,8,43,1,1,00:00
4824,Mumbai,2023-08-12,21:01,Assault,Juhu,20.4411601,77.21770199,8,3,1,1,11:20
4826,Mumbai,2024-06-04,09:45,Fraud,Colaba,24.01864048,75.7805631,8,31,1,1,16:08
4827,Mumbai,2024-05-17,14:43,Theft,Dadar,24.84259096,77.89355645,8,24,1,1,06:58
4828,Mumbai,2023-10-09,12:03,Harassment,Juhu,20.61013533,76.11405982,8,42,1,0,08:35
4833,Mumbai,2023-12-16,19:23,Fraud,Colaba,22.14304571,74.30927677,10,27,1,1,05:36
4834,Mumbai,2024-08-06,07:20,Assault,Karol Bagh,28.56405028,76.69640905,1,21,0,1,20:47
4836,Mumbai,2023-01-12,02:43,Fraud,Dadar,28.63474294,77.85657107,2,30,0,1,10:03
4837,Mumbai,2023-10-23,05:00,Fraud,Dwarka,24.76714582,73.89039525,10,30,1,1,04:46
4839,Mumbai,2023-03-03,04:11,Harassment,Dadar,22.40648621,73.64847019,8,10,1,1,15:30
4841,Mumbai,2024-11-23,10:50,Harassment,Dwarka,22.36382841,72.3517722,9,13,1,1,05:21
4843,Mumbai,2024-04-21,01:00,Harassment,Juhu,26.96174753,76.47478622,7,18,0,0,23:22
4844,Mumbai,2023-06-27,05:55,Fraud,Lajpat Nagar,26.36695309,73.1190035,8,59,1,0,07:29
4849,Mumbai,2023-12-09,10:13,Harassment,Colaba,27.60685799,72.13838032,9,39,1,1,07:13
4850,Mumbai,2023-03-15,23:59,Theft,Karol Bagh,22.40181722,74.0808444,3,44,0,0,23:02
4852,Mumbai,2023-12-17,11:51,Assault,Saket,28.70433653,72.54061968,9,4,0,1,00:24
4855,Mumbai,2024-02-11,08:28,Burglary,Andheri,24.67655905,72.62994225,2,10,0,0,15:03
4856,Mumbai,2024-10-27,20:56,Assault,Lajpat Nagar,22.80569737,77.94439462,6,48,1,1,20:56
4860,Mumbai,2023-06-19,15:06,Fraud,Saket,24.12809253,74.45113737,4,1,1,0,03:36
4861,Mumbai,2023-03-26,14:45,Assault,Juhu,26.2004328,75.77885991,9,5,0,1,02:45
4862,Mumbai,2023-04-21,06:54,Burglary,Colaba,20.13847254,73.9930755,1,13,0,0,13:44
4863,Mumbai,2024-08-03,04:29,Theft,Saket,21.78856808,77.02030419,6,45,0,1,02:06
4870,Mumbai,2023-05-07,07:42,Burglary,Andheri,28.2384553,74.77995563,5,42,0,1,06:16
4871,Mumbai,2023-05-09,02:03,Burglary,Karol Bagh,22.21394484,74.98794077,10,44,1,1,21:03
4874,Mumbai,2024-06-25,19:13,Theft,Colaba,26.66192925,76.00355788,4,33,1,1,02:29
4875,Mumbai,2024-11-22,09:49,Assault,Connaught Place,25.56412749,75.87050702,10,55,0,1,00:49
4876,Mumbai,2023-01-27,23:00,Burglary,Andheri,20.3501406,75.46692904,5,21,0,1,06:31
4877,Mumbai,2024-03-18,06:44,Theft,Dadar,29.59426125,72.68257033,7,3,1,1,18:40
4883,Mumbai,2024-05-02,01:32,Harassment,Colaba,24.67309807,72.08388475,3,35,0,1,01:57
4885,Mumbai,2023-08-05,09:04,Theft,Dwarka,29.1403005,76.92388908,1,3,0,1,11:33
4891,Mumbai,2024-06-11,19:39,Harassment,Saket,25.3824086,77.99922863,4,59,1,1,22:19
4892,Mumbai,2023-03-12,05:34,Assault,Andheri,28.76918711,75.86506854,5,1,1,0,04:19
4893,Mumbai,2024-03-15,11:22,Theft,Andheri,24.20893612,76.16558958,6,51,1,1,13:35
4896,Mumbai,2024-12-13,18:21,Burglary,Karol Bagh,27.1014363,76.8777179,1,59,1,1,04:23
4899,Mumbai,2024-11-13,02:02,Fraud,Lajpat Nagar,20.90437983,74.74272345,3,21,1,0,04:36
4901,Mumbai,2023-07-14,15:36,Assault,Lajpat Nagar,21.71105857,76.09546882,6,3,0,1,00:21
4903,Mumbai,2023-03-17,20:01,Fraud,Colaba,25.13743616,73.50300958,4,28,1,1,07:24
4906,Mumbai,2023-03-22,17:03,Harassment,Connaught Place,19.39588812,74.96541556,2,6,1,0,04:01
4909,Mumbai,2024-08-13,14:30,Assault,Dadar,22.93893832,74.46861742,2,32,0,1,01:39
4911,Mumbai,2023-04-06,22:57,Theft,Dadar,19.77216273,74.99737387,9,58,1,1,17:52
4916,Mumbai,2024-01-16,06:42,Assault,Lajpat Nagar,27.39719386,77.42449025,9,47,0,1,10:00
4918,Mumbai,2024-09-22,09:19,Theft,Connaught Place,28.47795867,74.68500419,6,26,1,1,18:38
4923,Mumbai,2024-03-13,15:29,Assault,Dwarka,21.62601693,74.61560695,10,19,0,1,22:28
4924,Mumbai,2024-05-27,12:48,Theft,Connaught Place,29.0939651,77.9124287,10,42,1,1,23:44
4925,Mumbai,2024-10-13,05:21,Burglary,Dadar,19.85920658,72.34103437,9,41,1,0,23:34
4926,Mumbai,2023-06-16,10:00,Burglary,Bandra,23.70156632,76.30697866,9,50,1,1,02:52
4928,Mumbai,2023-04-12,20:22,Harassment,Lajpat Nagar,28.88562359,75.00323806,8,3,0,1,08:18
4929,Mumbai,2024-06-17,00:04,Assault,Bandra,29.97465841,77.82508441,9,31,1,0,05:02
4934,Mumbai,2024-07-03,09:06,Burglary,Dwarka,26.77997799,77.41001487,2,45,1,1,11:59
4935,Mumbai,2024-07-21,14:34,Harassment,Lajpat Nagar,19.87739768,74.57576951,9,38,1,1,22:42
4939,Mumbai,2024-03-06,21:36,Burglary,Saket,22.0072231,75.81977471,9,16,1,1,18:50
4940,Mumbai,2024-11-17,22:49,Assault,Andheri,25.35139194,72.8462798,9,50,0,1,05:03
4943,Mumbai,2023-11-28,10:54,Theft,Dwarka,27.46154324,74.47153577,4,18,1,0,15:51
4946,Mumbai,2024-11-15,01:36,Fraud,Lajpat Nagar,29.23782345,73.27131924,7,16,1,1,21:15
4948,Mumbai,2024-07-25,13:53,Burglary,Connaught Place,24.72449641,74.88936581,8,24,1,0,00:04
4951,Mumbai,2023-10-26,00:40,Harassment,Dwarka,27.41887193,76.1109672,9,36,1,1,20:05
4952,Mumbai,2024-09-12,17:35,Assault,Bandra,28.85236134,76.22557972,9,43,1,1,09:55
4954,Mumbai,2024-02-26,08:15,Harassment,Colaba,21.14793629,77.28702053,6,39,1,1,23:40
4957,Mumbai,2023-01-11,12:25,Burglary,Lajpat Nagar,19.10126234,73.66403951,3,51,0,1,15:01
4960,Mumbai,2024-05-02,00:18,Theft,Colaba,28.26991036,76.93454631,,21,1,1,08:27
4961,Mumbai,2023-08-15,21:21,Burglary,Karol Bagh,21.84356877,72.73915133,8,4,1,1,11:19
4963,Mumbai,2024-05-14,18:35,Assault,Connaught Place,29.55930229,75.96803585,8,59,0,0,00:03
4964,Mumbai,2024-11-10,17:28,Theft,Saket,23.16995395,75.91266514,8,30,1,1,00:02
4965,Mumbai,2023-09-09,10:54,Theft,Bandra,19.10544204,77.16210201,10,57,0,1,09:02
4966,Mumbai,2023-05-12,18:55,Burglary,Dadar,22.12230763,72.84160897,8,33,0,1,00:18
4970,Mumbai,2024-12-02,13:19,Theft,Lajpat Nagar,25.52585417,72.09064467,8,53,1,0,19:29
4971,Mumbai,2024-04-06,05:25,Assault,Bandra,21.08282496,77.38963839,4,16,0,1,12:33
4972,Mumbai,2023-09-04,01:14,Theft,Dwarka,22.97367073,75.16226398,3,49,1,1,06:18
4973,Mumbai,2023-12-05,07:26,Fraud,Karol Bagh,28.48219488,77.09881356,9,24,1,1,23:34
4974,Mumbai,2024-07-09,21:51,Theft,Connaught Place,23.66771954,72.35942821,8,5,1,1,14:22
4975,Mumbai,2024-08-23,05:51,Assault,Lajpat Nagar,29.07260485,73.36474866,10,54,1,1,05:23
4976,Mumbai,2023-12-27,00:56,Harassment,Lajpat Nagar,24.47731859,73.55627997,2,55,0,1,13:01
4979,Mumbai,2023-10-24,11:33,Harassment,Juhu,19.80492609,74.31934724,10,13,1,1,19:09
4980,Mumbai,2023-07-17,05:04,Burglary,Lajpat Nagar,19.98426221,73.22792118,6,30,1,1,09:25
4981,Mumbai,2023-06-21,08:29,Burglary,Connaught Place,26.17171085,72.38994156,5,7,1,1,13:08
4984,Mumbai,2024-12-21,19:08,Fraud,Dwarka,29.07897921,74.66881795,7,55,0,0,02:12
4985,Mumbai,2023-07-04,00:58,Harassment,Karol Bagh,23.27203565,76.35708673,6,27,1,0,16:02
4990,Mumbai,2024-04-25,22:48,Assault,Andheri,29.02911479,76.32760976,6,24,1,1,03:10
4993,Mumbai,2023-10-13,13:44,Fraud,Dadar,21.92020547,72.07258813,5,54,1,1,12:22
4997,Mumbai,2024-11-05,21:10,Assault,Dwarka,29.61927574,74.51700444,6,15,0,0,21:07
4999,Mumbai,2024-02-08,16:50,Harassment,Dwarka,28.0138189,72.62566655,2,37,1,0,10:38
5000,Mumbai,2023-01-23,03:33,Fraud,Juhu,22.03514808,77.37862461,10,4,1,1,00:19